fips5,age65_pct,median_age,no_vehicle_workers,total_workers,bachelors_pct,unemp_rate,year,poverty_pct,disability_pct,limited_english_pct,no_vehicle_pct
06001,35.3,50.9,4.2,695938,40.5,8.5,2010,,,,0.0006035020361009171
06003,44.3,56.2,3.6,503,27.8,13.9,2010,,,,0.7157057654075547
06005,45.7,58.1,1.4,13802,18.6,11.4,2010,,,,0.010143457469931894
06007,34.9,57.4,2.9,87034,24.4,11.5,2010,,,,0.0033320311602362293
06009,47.6,66.9,0.8,18711,19.1,7.6,2010,,,,0.0042755598311153865
06011,32.6,70.2,4.1,8383,13.3,14.2,2010,,,,0.04890850530836216
06013,36.8,59.4,2.2,468171,39.8,8.2,2010,,,,0.000469913770823054
06015,36.9,56.6,3.3,9089,12.2,10.1,2010,,,,0.036307624601166245
06017,41.6,59.2,1.6,81721,32.8,8.2,2010,,,,0.0019578810831977094
06019,29.5,66.8,3.5,351673,19.7,11.4,2010,,,,0.0009952427397042138
06021,34.2,70.4,2.1,11271,14.9,8.3,2010,,,,0.01863188714399787
06023,35.8,49.9,2.7,58829,26.0,8.6,2010,,,,0.004589573169695218
06025,30.5,66.3,2.7,55565,11.9,14.7,2010,,,,0.0048591739404301275
06027,44.3,68.0,4.0,8442,21.4,6.8,2010,,,,0.04738213693437574
06029,30.0,65.2,3.1,304506,14.3,11.4,2010,,,,0.0010180423374252067
06031,31.5,54.8,2.9,56356,10.5,12.0,2010,,,,0.005145858471147704
06033,43.1,63.9,2.2,23156,17.1,11.8,2010,,,,0.009500777336327518
06035,35.6,37.8,3.0,10175,10.2,9.2,2010,,,,0.029484029484029485
06037,33.1,55.6,4.8,4399339,29.9,8.7,2010,,,,0.00010910729998302018
06039,31.5,66.4,3.6,46267,14.4,12.0,2010,,,,0.007780923768560746
06041,42.4,57.6,2.3,121354,53.1,5.6,2010,,,,0.0018952815729188985
06043,48.4,63.3,0.0,7187,17.8,12.9,2010,,,,0.0
06045,39.4,59.5,2.9,37577,22.2,9.0,2010,,,,0.007717486760518402
06047,28.4,70.0,3.4,91438,12.3,13.8,2010,,,,0.003718366543450206
06049,42.9,69.6,3.7,3489,13.5,11.4,2010,,,,0.1060475781026082
06051,34.8,42.2,4.9,8135,28.3,6.5,2010,,,,0.06023355869698833
06053,31.9,59.5,3.1,176845,22.7,10.2,2010,,,,0.0017529474963951484
06055,38.0,61.9,1.6,62559,30.0,7.4,2010,,,,0.0025575856391566363
06057,45.4,62.9,2.0,43615,34.1,8.1,2010,,,,0.004585578356070159
06059,34.6,56.7,2.2,1411500,38.4,7.4,2010,,,,0.0001558625575628764
06061,38.6,65.6,1.3,153221,37.5,6.9,2010,,,,0.0008484476670952415
06063,46.6,61.1,2.1,8744,18.9,9.9,2010,,,,0.02401646843549863
06065,32.4,68.3,1.7,841821,21.8,11.2,2010,,,,0.00020194316844079677
06067,33.3,58.6,2.7,607964,28.4,10.2,2010,,,,0.0004441052430736031
06069,32.5,64.2,1.6,23907,17.4,10.3,2010,,,,0.006692600493579287
06071,30.1,62.6,1.8,808563,18.3,11.1,2010,,,,0.00022261716155698444
06073,33.0,53.8,2.6,1420901,35.2,7.8,2010,,,,0.00018298248787213184
06075,38.3,37.4,19.6,433674,51.8,7.1,2010,,,,0.004519523881994309
06077,31.1,66.4,2.2,262119,17.1,12.3,2010,,,,0.0008393134416047674
06079,36.8,51.3,2.3,118410,30.5,7.4,2010,,,,0.0019424035132167888
06081,37.7,55.1,2.6,350536,44.4,6.5,2010,,,,0.0007417212497432504
06083,32.2,56.2,3.4,189106,31.8,7.5,2010,,,,0.0017979334341586201
06085,35.0,53.8,2.1,820822,47.6,7.8,2010,,,,0.00025584109587705985
06087,35.5,47.4,2.1,121706,37.3,8.3,2010,,,,0.0017254695742198413
06089,40.0,64.6,2.5,68231,21.1,11.7,2010,,,,0.0036640236842490946
06091,50.0,59.8,1.3,1566,15.9,9.4,2010,,,,0.08301404853128992
06093,45.1,66.0,3.4,16646,23.5,12.1,2010,,,,0.020425327405983417
06095,35.1,56.3,1.6,184338,23.1,9.3,2010,,,,0.0008679707927828228
06097,37.8,55.9,2.1,226243,31.4,7.9,2010,,,,0.0009282055135407504
06099,31.3,65.4,2.1,201003,16.4,12.5,2010,,,,0.0010447605259622992
06101,33.0,66.7,3.2,37771,18.7,13.4,2010,,,,0.008472108231182654
06103,38.6,71.1,2.7,22473,12.8,11.3,2010,,,,0.012014417300760914
06105,49.1,59.1,0.1,5067,22.0,13.4,2010,,,,0.0019735543714229325
06107,28.5,72.8,3.0,161697,12.8,12.1,2010,,,,0.0018553219911315608
06109,43.3,59.2,1.4,20285,17.4,10.6,2010,,,,0.006901651466600936
06111,34.6,60.3,1.6,378652,32.6,7.2,2010,,,,0.0004225515777019533
06113,29.2,48.2,2.5,87078,38.3,8.9,2010,,,,0.0028709892280484165
06115,30.8,64.3,1.7,26731,12.5,14.6,2010,,,,0.006359657326699337
06001,35.5,50.9,4.4,691531,40.9,9.2,2011,,,,0.0006362693791023107
06003,40.9,55.6,5.4,518,30.7,9.0,2011,,,,1.0424710424710426
06005,46.2,58.6,1.9,12838,18.0,15.2,2011,,,,0.014799813054992988
06007,35.0,57.0,3.1,85189,24.1,13.2,2011,,,,0.0036389674723262396
06009,47.9,68.0,0.7,17877,20.4,9.2,2011,,,,0.003915645801868322
06011,32.1,71.7,4.1,8646,14.3,13.8,2011,,,,0.0474207726116123
06013,37.0,59.4,2.3,470341,39.7,9.5,2011,,,,0.0004890069120063954
06015,37.4,56.9,2.3,8929,12.1,10.2,2011,,,,0.025758763579348188
06017,42.1,59.4,1.6,80112,32.5,9.7,2011,,,,0.0019972039145196726
06019,29.7,66.6,3.5,349704,19.2,12.7,2011,,,,0.0010008464301237618
06021,34.6,70.0,2.6,10743,14.1,10.0,2011,,,,0.02420180582705017
06023,35.7,49.7,2.9,57761,25.9,9.7,2011,,,,0.005020688699987881
06025,30.8,66.0,2.7,56338,12.1,16.4,2011,,,,0.004792502396251199
06027,44.2,67.8,3.7,8523,23.8,7.1,2011,,,,0.0434119441511205
06029,30.1,64.9,2.9,305547,14.3,12.5,2011,,,,0.0009491174843804717
06031,31.8,55.1,2.9,56019,10.8,13.1,2011,,,,0.00517681500919331
06033,43.1,63.5,2.5,23533,16.5,13.4,2011,,,,0.01062337993455998
06035,34.8,37.0,3.6,10149,10.1,10.0,2011,,,,0.03547147502216967
06037,33.4,55.1,4.8,4382882,30.0,9.8,2011,,,,0.00010951697992325598
06039,31.4,66.0,3.2,44969,14.6,11.3,2011,,,,0.007116013253574686
06041,42.9,58.8,1.9,121068,53.0,6.3,2011,,,,0.001569365976145637
06043,48.4,63.9,0.5,7115,19.9,13.2,2011,,,,0.0070274068868587496
06045,40.0,60.4,1.9,37509,21.3,11.0,2011,,,,0.005065450958436642
06047,28.6,69.6,3.2,91197,12.2,15.2,2011,,,,0.003508887353750672
06049,45.7,70.8,3.6,3441,14.8,9.4,2011,,,,0.10462074978204011
06051,35.2,43.2,4.2,7952,27.5,7.5,2011,,,,0.05281690140845071
06053,32.1,59.7,3.1,175968,22.3,10.8,2011,,,,0.0017616839425350064
06055,38.4,61.7,1.7,63450,30.9,8.0,2011,,,,0.0026792750197005516
06057,45.8,63.1,2.0,42953,34.8,9.2,2011,,,,0.00465625218261821
06059,34.8,56.6,2.1,1411620,38.5,8.3,2011,,,,0.0001487652484379649
06061,38.9,65.8,1.4,155159,37.7,8.2,2011,,,,0.000902300221063554
06063,47.0,63.0,2.2,7773,21.1,14.2,2011,,,,0.02830310047600669
06065,32.5,67.6,1.8,845421,21.5,12.9,2011,,,,0.00021291167359221028
06067,33.4,58.3,2.6,603551,28.0,11.7,2011,,,,0.0004307838111443772
06069,33.2,64.3,0.9,24268,18.1,11.0,2011,,,,0.003708587440250536
06071,30.3,62.1,2.0,801451,18.4,12.9,2011,,,,0.00024954738343329784
06073,33.1,53.5,2.6,1423322,35.3,8.9,2011,,,,0.0001826712437522922
06075,38.4,37.2,20.2,436236,51.9,7.5,2011,,,,0.004630521094086687
06077,31.3,66.1,2.2,260063,17.1,14.4,2011,,,,0.0008459488662362582
06079,37.0,51.4,2.4,119136,30.6,8.1,2011,,,,0.0020145044319097504
06081,38.0,55.2,2.8,353172,44.0,7.3,2011,,,,0.0007928148324329222
06083,32.1,55.9,3.3,191238,32.3,8.3,2011,,,,0.0017255984689235403
06085,35.2,54.0,2.0,828082,47.8,8.6,2011,,,,0.00024152197487688418
06087,35.5,47.5,1.9,123591,37.5,8.4,2011,,,,0.0015373287698942479
06089,40.1,64.6,2.5,67571,20.6,12.4,2011,,,,0.003699812049547883
06091,54.2,61.3,2.1,1260,14.5,11.3,2011,,,,0.16666666666666669
06093,45.3,67.3,3.7,16286,23.6,13.4,2011,,,,0.022718899668426874
06095,35.4,56.1,1.7,184729,23.1,10.0,2011,,,,0.0009202669856925549
06097,38.0,56.0,2.1,226280,31.6,8.7,2011,,,,0.0009280537387307762
06099,31.3,65.0,2.0,199567,16.6,14.2,2011,,,,0.0010021696973948598
06101,33.2,67.1,3.2,37230,19.1,14.2,2011,,,,0.008595218909481601
06103,38.6,71.2,2.4,22329,13.1,13.6,2011,,,,0.010748354158269514
06105,49.5,60.2,0.4,4723,22.1,14.7,2011,,,,0.008469193309337287
06107,28.7,72.5,3.0,162738,12.4,13.5,2011,,,,0.0018434538952180808
06109,44.2,60.7,1.3,19728,17.7,13.1,2011,,,,0.0065896188158961885
06111,34.8,60.1,1.6,377749,32.7,8.3,2011,,,,0.00042356167719835136
06113,29.5,47.7,2.6,88195,38.7,9.7,2011,,,,0.002948012925902829
06115,31.0,64.1,2.1,25762,12.4,17.0,2011,,,,0.008151541029423181
06001,35.6,50.9,4.6,693960,41.1,9.9,2012,12.0,9.2,,0.0006628624128191827
06003,40.8,53.5,5.4,534,30.3,10.3,2012,13.7,13.9,,1.0112359550561798
06005,46.8,60.2,1.6,12080,18.0,17.3,2012,10.5,17.0,,0.013245033112582781
06007,35.1,57.2,3.1,84310,24.4,14.4,2012,20.6,16.7,,0.003676906654014945
06009,48.6,69.0,1.2,17205,20.7,11.8,2012,10.4,17.8,,0.006974716652136006
06011,32.1,71.6,3.6,8469,13.9,14.4,2012,15.2,12.4,,0.04250797024442083
06013,37.1,59.5,2.1,473623,39.8,10.1,2012,10.2,9.8,,0.0004433906292557583
06015,37.3,55.1,2.7,9070,11.7,12.1,2012,21.5,21.1,,0.029768467475192944
06017,42.5,59.9,1.7,79772,33.0,10.9,2012,8.1,11.4,,0.002131073559644988
06019,29.8,66.4,3.5,346377,19.0,14.0,2012,24.8,11.6,,0.0010104597014235933
06021,34.6,69.7,2.9,10647,12.9,10.5,2012,19.5,15.0,,0.02723771954541185
06023,36.0,50.0,2.8,57878,25.5,10.4,2012,19.7,15.5,,0.004837762189432945
06025,30.8,65.9,3.0,56667,12.2,18.0,2012,23.0,13.4,,0.005294086505373497
06027,44.1,67.5,4.2,8744,21.5,7.3,2012,11.3,12.3,,0.04803293687099726
06029,30.1,64.7,2.9,307542,14.4,13.1,2012,22.5,12.0,,0.0009429606362708183
06031,32.0,55.6,2.7,55305,10.3,14.5,2012,20.7,10.4,,0.004882017900732304
06033,43.5,63.5,2.1,22903,16.8,15.3,2012,23.7,20.1,,0.009169104484128717
06035,35.0,36.3,3.4,10163,11.4,11.2,2012,15.4,15.8,,0.033454688576207814
06037,33.6,54.7,4.7,4384405,30.0,10.8,2012,17.1,9.4,,0.00010719812608552359
06039,31.5,66.8,2.5,42734,14.2,11.6,2012,21.1,11.7,,0.005850142743482941
06041,43.1,60.1,2.1,122388,53.2,6.9,2012,7.5,8.6,,0.0017158544955387781
06043,49.8,63.5,0.4,7123,19.2,14.7,2012,14.7,17.9,,0.005615611399691142
06045,40.2,61.5,2.1,36696,20.0,11.4,2012,19.4,16.0,,0.005722694571615435
06047,28.8,69.1,3.1,91826,12.2,16.1,2012,24.6,14.7,,0.0033759501666194756
06049,44.2,73.3,1.4,3486,17.7,11.6,2012,19.9,20.9,,0.040160642570281124
06051,37.1,44.6,4.9,7812,25.4,10.7,2012,9.5,10.1,,0.06272401433691756
06053,32.1,60.0,2.7,177157,22.1,11.1,2012,16.1,8.4,,0.0015240718684556638
06055,38.4,61.8,1.6,64285,30.4,8.9,2012,10.0,10.7,,0.0024889165435171504
06057,46.4,63.7,2.1,41753,34.8,10.4,2012,11.6,12.8,,0.0050295787129068575
06059,35.0,56.5,2.2,1421469,38.8,9.0,2012,11.7,7.6,,0.00015476946736087807
06061,39.2,66.2,1.4,154742,37.0,9.3,2012,8.4,10.5,,0.0009047317470370035
06063,48.1,65.6,1.6,7534,23.4,17.2,2012,13.9,17.9,,0.02123705866737457
06065,32.7,67.1,1.9,847993,21.2,14.2,2012,15.6,10.5,,0.0002240584533127042
06067,33.6,58.3,2.7,599406,28.0,13.0,2012,16.5,12.9,,0.0004504459414820673
06069,33.5,63.5,0.9,23955,17.5,13.1,2012,12.7,8.3,,0.003757044458359424
06071,30.6,61.5,2.1,795366,18.1,14.1,2012,17.6,10.7,,0.0002640293902429825
06073,33.2,53.4,2.6,1431134,35.3,9.6,2012,13.9,9.3,,0.0001816741129761434
06075,38.5,37.3,20.5,439726,52.6,8.0,2012,13.2,10.6,,0.004661994059937324
06077,31.5,65.9,2.3,260441,17.5,15.7,2012,17.5,11.6,,0.0008831174815025283
06079,37.3,51.8,2.4,120547,31.3,8.7,2012,13.7,11.1,,0.0019909247015686827
06081,38.0,55.4,2.7,358970,43.5,7.8,2012,7.4,7.8,,0.0007521519904170266
06083,32.3,56.2,3.2,191592,32.2,9.0,2012,15.3,10.4,,0.0016702158754018958
06085,35.4,54.2,2.2,837242,48.2,9.3,2012,9.7,7.7,,0.0002627675152464879
06087,35.7,47.8,1.6,124673,36.5,8.8,2012,14.4,8.8,,0.001283357262598959
06089,40.2,65.1,2.4,66751,20.2,13.7,2012,17.6,17.7,,0.003595451753531782
06091,53.5,62.6,2.0,1221,11.9,9.1,2012,16.8,14.5,,0.16380016380016382
06093,45.4,68.2,3.6,16026,23.9,14.7,2012,19.6,19.5,,0.022463496817671284
06095,35.6,56.0,1.8,184220,23.0,11.0,2012,11.9,10.7,,0.000977092606665943
06097,38.1,56.5,2.1,225785,31.5,9.6,2012,11.5,10.7,,0.0009300883583940474
06099,31.7,64.8,2.0,198002,16.4,15.6,2012,19.2,13.0,,0.001010090807163564
06101,33.2,67.3,3.1,37033,18.7,14.8,2012,17.0,13.8,,0.00837091242945481
06103,38.8,70.8,2.0,22298,13.6,15.1,2012,20.3,19.0,,0.008969414297246391
06105,49.9,65.0,0.6,4578,21.7,16.1,2012,17.7,21.8,,0.01310615989515072
06107,28.9,72.4,2.7,164324,12.5,14.1,2012,24.8,10.4,,0.0016430953482145033
06109,45.0,61.5,2.2,19244,17.1,16.2,2012,13.1,17.5,,0.011432134691332365
06111,34.9,60.0,1.6,380261,32.5,9.3,2012,10.3,9.8,,0.00042076363339916536
06113,29.8,48.2,2.7,87801,38.0,10.0,2012,18.7,9.9,,0.0030751358184986505
06115,31.1,64.0,2.1,25695,13.2,18.1,2012,20.6,15.9,,0.008172796263864565
06001,35.8,50.9,4.4,693191,41.8,10.3,2013,12.5,9.1,,0.0006347456905816723
06003,41.0,70.1,5.5,454,27.8,9.8,2013,16.6,17.9,,1.2114537444933922
06005,47.5,61.2,1.3,12062,18.9,16.8,2013,12.6,17.6,,0.010777648814458632
06007,35.1,57.6,2.8,84086,24.9,14.1,2013,20.4,17.4,,0.0033299241253002872
06009,49.0,70.8,1.5,16966,21.1,11.6,2013,10.9,17.6,,0.008841211835435576
06011,32.7,70.7,2.8,8446,12.4,13.3,2013,12.5,12.5,,0.0331517878285579
06013,37.2,59.6,2.1,476834,40.0,10.4,2013,10.5,10.2,,0.00044040483690340875
06015,37.4,55.2,2.0,8598,11.3,12.3,2013,21.8,21.5,,0.02326122354035822
06017,42.8,60.5,1.8,78546,33.7,12.0,2013,9.0,11.5,,0.0022916507524253305
06019,30.1,66.3,3.4,346655,18.9,14.5,2013,26.0,11.6,,0.0009808022385368736
06021,34.9,70.1,3.1,10403,12.9,12.8,2013,18.8,15.8,,0.02979909641449582
06023,36.1,50.4,3.2,57743,26.2,11.1,2013,20.4,15.7,,0.005541797274128466
06025,30.8,66.3,2.6,56590,12.3,18.5,2013,23.3,13.1,,0.004594451316487012
06027,44.5,67.5,4.6,8520,23.2,8.7,2013,12.8,12.5,,0.05399061032863849
06029,30.2,64.5,2.7,309086,14.6,13.7,2013,22.9,11.8,,0.0008735432856874786
06031,31.9,56.2,2.5,54277,10.6,15.2,2013,21.0,10.4,,0.004606002542513404
06033,43.7,64.2,1.9,21768,16.4,16.5,2013,25.0,20.9,,0.008728408673281882
06035,34.9,35.5,3.5,9423,10.5,13.6,2013,16.9,17.3,,0.03714316035232941
06037,33.8,54.3,4.6,4378758,30.1,11.4,2013,17.8,9.5,,0.00010505261994382881
06039,31.6,67.1,2.5,41685,13.6,10.7,2013,22.8,12.1,,0.005997361161089121
06041,43.3,61.7,2.1,121269,53.3,7.6,2013,7.7,8.9,,0.0017316874056848826
06043,50.3,64.7,0.8,7082,19.8,14.4,2013,16.1,18.5,,0.011296243998870376
06045,40.2,62.7,2.5,36046,20.5,12.1,2013,20.0,16.1,,0.006935582311490873
06047,29.1,68.7,2.8,90630,12.1,17.9,2013,25.4,15.5,,0.003089484718084519
06049,45.5,74.3,1.5,3500,18.5,10.7,2013,21.0,21.1,,0.04285714285714286
06051,38.2,45.9,6.6,7825,27.0,10.3,2013,8.5,7.8,,0.08434504792332267
06053,32.2,60.3,2.4,176312,22.1,11.0,2013,17.0,8.4,,0.0013612232859930124
06055,38.7,62.1,1.5,64876,30.1,9.1,2013,10.1,10.8,,0.002312103088969727
06057,46.9,64.6,1.9,40722,34.1,10.7,2013,12.0,13.4,,0.004665782623643239
06059,35.2,56.4,2.2,1425016,38.7,9.4,2013,12.4,7.8,,0.00015438423147529572
06061,39.3,66.8,1.4,155572,37.5,10.0,2013,8.7,10.7,,0.0008999048671997532
06063,48.9,67.5,1.7,7297,24.5,17.2,2013,15.2,19.4,,0.02329724544333288
06065,32.9,66.4,2.0,857119,21.0,14.9,2013,16.2,10.7,,0.00023333982795854487
06067,33.8,58.3,2.7,593695,28.1,13.7,2013,17.6,12.7,,0.00045477896899923364
06069,33.8,62.5,1.2,24143,18.0,13.8,2013,11.9,8.7,,0.00497038479062254
06071,30.8,61.0,2.2,788495,18.1,14.5,2013,18.7,10.9,,0.0002790125492235208
06073,33.4,53.4,2.6,1436094,35.5,10.0,2013,14.4,9.4,,0.00018104664457897605
06075,38.6,37.4,20.4,447243,53.1,8.3,2013,13.5,10.6,,0.004561278767918111
06077,31.8,65.6,2.2,261485,17.6,16.2,2013,18.2,11.7,,0.0008413484521100637
06079,37.3,52.7,1.9,121124,31.1,8.5,2013,14.3,10.8,,0.0015686404015719429
06081,38.0,55.7,2.7,362286,43.6,8.1,2013,7.6,7.8,,0.0007452675510508273
06083,32.2,56.4,3.5,192480,31.8,9.4,2013,16.0,10.0,,0.0018183707398171237
06085,35.6,54.4,2.1,844255,48.5,9.7,2013,10.2,7.7,,0.00024874001338458164
06087,35.7,48.3,1.9,124909,36.2,9.3,2013,14.6,8.8,,0.0015211073661625663
06089,40.3,65.8,2.3,65892,19.3,13.4,2013,17.5,17.9,,0.003490560310811631
06091,50.5,59.2,1.7,1134,14.2,10.2,2013,19.4,20.3,,0.14991181657848324
06093,45.5,69.7,2.7,15885,25.4,14.9,2013,21.0,19.1,,0.0169971671388102
06095,35.8,56.1,1.9,182643,23.0,12.1,2013,13.0,10.9,,0.0010402807663036635
06097,38.5,56.9,2.0,225640,31.4,10.2,2013,11.9,10.7,,0.0008863676653075697
06099,31.9,64.6,2.2,196796,16.1,16.8,2013,20.3,13.1,,0.0011179089005874103
06101,33.5,67.6,2.7,36348,18.7,15.0,2013,16.7,13.6,,0.0074281941234730945
06103,39.1,70.6,2.0,22156,13.1,15.8,2013,19.7,18.2,,0.009026900162484202
06105,49.8,65.1,0.2,4409,23.6,15.8,2013,19.2,22.7,,0.004536176003628941
06107,29.2,72.2,2.8,163808,12.3,14.5,2013,26.2,10.7,,0.0017093182262160579
06109,45.4,62.7,2.7,18325,17.6,17.3,2013,14.5,18.4,,0.014733969986357436
06111,35.1,60.0,1.6,382237,32.5,9.6,2013,11.1,9.9,,0.0004185884673644886
06113,30.1,48.5,3.4,87386,38.3,10.4,2013,19.1,10.3,,0.003890783420685236
06115,30.9,64.4,2.2,24662,12.2,19.3,2013,21.6,16.5,,0.008920606601248885
06001,36.0,50.9,4.6,701525,42.0,9.6,2014,12.9,9.2,,0.0006557143366237839
06003,40.6,62.0,5.3,484,26.8,6.0,2014,15.1,21.5,,1.0950413223140494
06005,47.9,63.6,1.5,11869,20.0,15.9,2014,13.0,18.1,,0.012637964445193361
06007,35.1,57.9,3.1,85197,25.7,13.1,2014,21.5,17.2,,0.003638625773207977
06009,49.6,72.4,1.8,16536,21.2,11.3,2014,12.1,18.6,,0.01088534107402032
06011,33.1,70.4,1.9,8468,13.1,12.4,2014,14.5,12.4,,0.022437411431270666
06013,37.4,59.8,2.2,485218,40.3,9.8,2014,10.7,10.4,,0.0004534044491342036
06015,36.9,56.5,3.0,8207,13.5,12.6,2014,22.4,21.9,,0.03655416108200317
06017,43.3,61.4,1.8,77573,33.9,11.3,2014,10.3,12.2,,0.002320394982790404
06019,30.3,66.3,3.6,352667,18.9,14.3,2014,27.4,11.9,,0.0010207929860179717
06021,35.3,70.2,2.1,10106,13.4,13.5,2014,20.0,17.2,,0.020779734811003366
06023,36.5,51.1,3.4,57204,26.0,11.3,2014,20.8,16.3,,0.005943640304873785
06025,30.9,66.7,2.4,56288,12.3,18.1,2014,23.4,13.4,,0.004263786242183059
06027,44.3,69.1,4.1,8119,23.7,7.9,2014,13.7,13.5,,0.05049882990516073
06029,30.4,64.4,2.7,312996,14.7,13.2,2014,23.4,11.4,,0.0008626308323429054
06031,32.1,56.6,2.4,53699,10.4,14.2,2014,22.7,10.8,,0.0044693569712657595
06033,43.9,65.3,1.8,21354,17.2,16.6,2014,24.3,20.5,,0.008429334082607475
06035,34.9,35.0,3.7,9167,9.9,13.4,2014,17.1,17.8,,0.040362168648412786
06037,34.1,54.0,4.6,4434574,30.2,11.0,2014,18.4,9.6,,0.00010373036959130684
06039,31.8,67.2,3.1,42533,13.7,9.5,2014,23.2,12.9,,0.007288458373498226
06041,43.5,63.2,2.2,122993,53.5,7.2,2014,8.8,9.0,,0.0017887196832340052
06043,50.3,68.6,1.5,7167,19.4,13.2,2014,16.3,18.0,,0.020929259104227712
06045,40.6,64.4,2.2,35713,21.0,12.3,2014,20.2,16.6,,0.006160221767983648
06047,29.4,68.4,2.9,92426,12.3,17.5,2014,25.6,15.7,,0.003137645251336204
06049,47.2,73.6,0.6,3317,17.9,12.3,2014,21.0,19.1,,0.018088634308109735
06051,37.0,46.1,8.4,7482,30.7,11.9,2014,5.0,9.2,,0.11226944667201283
06053,32.6,60.8,2.3,177092,22.1,9.6,2014,17.2,8.6,,0.0012987599665710478
06055,39.3,62.1,1.6,65991,30.7,8.4,2014,10.3,11.2,,0.002424573047839857
06057,47.3,66.0,1.8,40647,34.7,10.7,2014,12.4,14.0,,0.00442837109749797
06059,35.5,56.3,2.1,1448689,39.0,8.8,2014,12.8,8.1,,0.00014495864881972596
06061,39.3,67.3,1.3,157504,37.5,9.3,2014,8.9,10.8,,0.0008253758634701341
06063,49.5,68.0,2.0,7116,24.6,16.7,2014,15.9,21.4,,0.028105677346824058
06065,33.3,65.8,2.0,873689,21.2,14.3,2014,16.9,10.8,,0.00022891440775836712
06067,34.0,58.4,2.8,602052,28.4,13.1,2014,18.1,12.9,,0.0004650761063828373
06069,34.0,61.9,1.2,24447,18.7,14.0,2014,12.1,8.8,,0.004908577739599951
06071,31.1,60.6,2.1,799738,18.0,13.9,2014,19.2,10.9,,0.00026258599691398937
06073,33.5,53.5,2.5,1463835,35.9,9.6,2014,14.7,9.5,,0.00017078427555018155
06075,38.6,37.8,20.4,456670,53.8,7.6,2014,13.3,10.5,,0.004467120677951256
06077,32.1,65.4,2.2,266476,17.6,15.0,2014,19.4,11.7,,0.0008255902970623996
06079,37.2,53.4,1.8,121145,31.6,8.0,2014,14.8,11.0,,0.0014858227743613027
06081,38.1,56.0,2.7,370844,44.2,7.4,2014,7.6,8.0,,0.0007280689454325809
06083,32.3,56.5,3.5,194766,31.6,8.9,2014,16.6,10.0,,0.0017970282287462906
06085,35.7,54.4,2.2,867212,49.5,8.8,2014,9.9,7.7,,0.00025368652647795464
06087,35.8,48.8,2.1,126431,36.6,8.7,2014,15.3,8.9,,0.0016609850432251583
06089,40.1,66.8,2.4,66123,19.8,12.2,2014,18.0,18.2,,0.003629599382968105
06091,53.4,65.8,1.3,1188,17.2,7.0,2014,16.3,15.9,,0.10942760942760943
06093,45.7,71.3,3.0,15694,24.4,14.4,2014,22.7,19.8,,0.019115585574104754
06095,35.8,56.3,1.9,183003,22.9,12.1,2014,13.1,11.1,,0.00103823434588504
06097,38.9,57.6,1.9,229141,31.5,9.6,2014,12.3,11.2,,0.0008291837776740086
06099,32.1,64.6,2.1,199368,15.7,16.3,2014,20.3,13.3,,0.0010533285181172506
06101,33.7,68.2,2.4,36526,18.7,14.0,2014,16.8,13.7,,0.006570661994195915
06103,38.9,70.9,1.9,22168,13.7,16.1,2014,18.6,18.9,,0.008570913027787803
06105,50.1,65.9,0.4,4526,23.3,13.0,2014,18.7,22.9,,0.008837825894829872
06107,29.4,72.1,2.9,165479,12.3,13.5,2014,27.4,11.0,,0.0017524882311350683
06109,45.8,63.3,2.9,18863,18.2,15.2,2014,14.7,18.2,,0.015374012617293112
06111,35.5,60.1,1.6,386259,32.3,9.4,2014,11.1,10.1,,0.0004142298302434377
06113,30.4,48.8,3.1,88717,38.6,9.6,2014,20.0,10.4,,0.0034942570195114803
06115,31.1,64.8,2.6,25496,13.2,17.3,2014,22.2,17.0,,0.010197678067147789
06001,36.2,51.0,4.8,719132,43.0,8.3,2015,12.5,9.5,10.0,0.0006674713404493194
06003,36.9,72.4,3.4,395,27.5,10.7,2015,17.5,22.2,2.0,0.8607594936708861
06005,47.9,63.7,1.5,11880,21.3,14.0,2015,12.8,18.1,1.4,0.012626262626262626
06007,35.2,58.6,3.1,86547,25.9,12.1,2015,21.9,17.1,2.5,0.003581868811166187
06009,50.0,74.1,1.7,15643,20.9,12.1,2015,12.6,19.3,0.7,0.010867480662277057
06011,33.1,69.6,1.7,8570,14.6,10.4,2015,15.0,12.6,8.8,0.01983663943990665
06013,37.5,60.1,2.2,495757,39.6,8.8,2015,10.9,10.9,7.0,0.0004437657965495192
06015,37.2,56.4,3.1,8155,15.1,11.5,2015,21.8,22.5,2.4,0.03801348865726548
06017,43.8,62.3,2.1,77075,32.1,11.1,2015,10.4,12.5,1.9,0.00272461887771651
06019,30.5,66.4,3.3,360312,19.4,13.2,2015,26.8,12.4,10.0,0.0009158729101445413
06021,35.6,70.4,2.3,10063,14.9,12.6,2015,20.8,17.2,8.8,0.022856007154923978
06023,36.6,52.2,3.2,56522,28.0,10.5,2015,21.4,16.7,1.7,0.005661512331481547
06025,31.0,67.4,2.6,57321,14.1,17.4,2015,24.0,14.0,21.3,0.004535859458139251
06027,44.5,71.8,3.8,8119,23.9,6.8,2015,11.4,12.9,2.6,0.04680379357063678
06029,30.5,64.4,2.6,319796,15.4,12.7,2015,23.5,11.1,8.8,0.0008130182991657182
06031,32.2,57.0,2.6,53665,13.4,13.0,2015,22.6,11.3,9.4,0.0048448709587254266
06033,44.4,67.3,1.9,21914,16.0,14.6,2015,24.7,21.2,2.1,0.008670256457059414
06035,34.7,36.1,2.5,8796,12.3,10.9,2015,16.4,18.1,1.0,0.028422010004547523
06037,34.4,53.8,4.5,4516714,30.3,10.0,2015,18.2,9.7,13.7,9.96299522174749e-05
06039,32.2,67.8,2.8,44208,13.3,7.5,2015,23.5,13.1,9.4,0.006333695258776692
06041,43.7,64.9,2.4,125612,55.8,5.7,2015,8.3,9.1,4.8,0.001910645479731236
06043,50.6,69.4,2.2,7047,22.1,11.6,2015,15.1,17.8,1.7,0.03121895842202356
06045,40.6,66.5,2.1,35690,23.7,12.2,2015,20.4,16.9,4.4,0.005884001120762119
06047,29.6,68.1,3.2,93126,13.1,16.2,2015,26.1,15.7,13.2,0.003436204711895711
06049,47.6,75.5,0.3,3144,18.0,8.6,2015,18.8,21.1,3.3,0.009541984732824428
06051,40.2,49.8,9.3,6989,32.3,13.4,2015,4.9,8.5,3.7,0.1330662469595078
06053,32.8,61.4,2.2,179034,23.1,8.4,2015,17.0,9.0,13.8,0.0012288168727727696
06055,39.0,62.9,1.5,67001,32.4,7.5,2015,10.3,10.7,7.4,0.002238772555633498
06057,47.5,67.8,1.6,40392,33.7,9.8,2015,12.7,14.2,1.3,0.003961180431768667
06059,35.8,56.3,2.1,1477870,37.7,7.6,2015,12.8,8.3,9.3,0.00014209639548810112
06061,39.7,68.0,1.4,159701,36.4,8.3,2015,8.9,10.9,2.6,0.0008766382176692694
06063,50.3,70.5,1.7,7058,22.0,15.2,2015,14.5,21.7,1.1,0.02408614338339473
06065,33.5,65.4,2.1,898639,20.9,12.9,2015,16.8,11.0,6.8,0.00023368671958372609
06067,34.2,58.7,2.7,616766,28.8,11.8,2015,18.2,12.8,6.7,0.0004377673218043796
06069,34.2,62.0,0.9,25301,19.0,12.2,2015,10.8,8.6,8.3,0.0035571716532943358
06071,31.4,60.4,2.2,816403,19.0,12.6,2015,19.5,10.8,7.1,0.00026947475695214253
06073,33.7,53.6,2.4,1504548,35.7,8.7,2015,14.5,9.7,7.5,0.0001595163464376012
06075,38.4,38.1,20.2,468350,53.8,6.8,2015,13.2,10.5,12.4,0.004313013771751895
06077,32.4,65.3,2.3,271491,18.4,13.7,2015,18.6,11.8,9.1,0.0008471735711312714
06079,37.1,54.4,2.0,124241,33.0,6.6,2015,14.8,11.1,3.5,0.001609774551074122
06081,38.2,56.2,2.6,378502,45.6,6.7,2015,8.0,8.1,9.5,0.0006869184310783035
06083,32.4,56.9,3.4,199985,32.2,8.0,2015,16.3,9.6,7.7,0.0017001275095632172
06085,35.9,54.4,2.2,892710,47.9,7.7,2015,9.5,7.8,11.1,0.00024644061341309046
06087,35.9,49.5,2.1,128145,38.2,7.6,2015,15.1,9.3,6.1,0.0016387685824651762
06089,40.2,68.0,2.3,67613,19.6,10.3,2015,18.0,18.1,1.3,0.003401712688388327
06091,54.4,65.9,0.6,1062,18.9,8.0,2015,14.6,18.1,1.7,0.05649717514124294
06093,45.9,73.3,3.0,15665,22.7,12.7,2015,23.1,20.1,1.1,0.019150973507819982
06095,35.9,56.8,1.9,184871,24.9,11.4,2015,13.4,11.6,4.7,0.0010277436699103698
06097,39.2,58.5,1.8,235017,32.9,8.1,2015,11.7,11.7,4.5,0.0007659020411289396
06099,32.3,64.9,2.2,202400,16.5,15.2,2015,20.3,13.4,8.6,0.0010869565217391304
06101,34.1,68.4,2.4,36590,17.6,13.2,2015,17.8,13.7,7.5,0.0065591691719048915
06103,39.3,71.0,1.6,22782,14.4,13.2,2015,19.8,19.6,3.2,0.007023088403125276
06105,50.1,68.4,0.4,4724,20.0,9.0,2015,19.5,23.9,0.2,0.00846740050804403
06107,29.6,72.0,2.7,164760,13.8,12.0,2015,28.1,11.6,13.9,0.0016387472687545523
06109,46.4,65.4,3.2,18873,20.4,12.9,2015,13.9,19.5,0.6,0.016955438986912524
06111,35.8,60.3,1.5,390135,31.7,8.6,2015,11.1,10.3,6.7,0.00038448229459033407
06113,30.5,48.9,3.0,90118,39.0,9.0,2015,19.9,10.1,7.9,0.003328968685501232
06115,31.0,64.6,2.5,26113,14.3,14.8,2015,21.9,17.3,4.9,0.009573775514111746
06001,36.3,51.2,4.7,736979,43.9,7.1,2016,12.0,9.6,9.8,0.000637738660124644
06003,39.0,78.3,4.7,401,29.7,11.8,2016,18.9,23.4,1.2,1.172069825436409
06005,48.1,67.4,1.3,12196,21.5,11.6,2016,11.2,19.1,0.6,0.010659232535257463
06007,35.3,59.6,2.9,87941,26.1,10.7,2016,21.3,17.2,2.4,0.0032976654802651774
06009,50.6,75.6,1.8,15995,20.2,9.6,2016,12.7,20.2,0.7,0.011253516723976242
06011,33.8,68.9,1.4,8944,14.4,8.7,2016,13.5,12.6,7.4,0.015652951699463326
06013,37.7,60.6,2.2,506484,40.3,7.7,2016,10.2,11.0,6.8,0.00043436712709582145
06015,37.0,57.4,3.2,8396,14.9,10.4,2016,21.7,22.5,2.1,0.038113387327298714
06017,44.2,63.6,2.1,78177,33.0,9.6,2016,9.8,13.2,1.8,0.0026862120572546913
06019,30.7,66.9,3.4,368119,19.7,11.9,2016,26.9,12.5,10.1,0.0009236143746994856
06021,35.4,71.3,3.3,10138,12.7,9.9,2016,20.3,17.7,9.6,0.032550798974156636
06023,37.1,53.6,3.0,57607,28.2,9.5,2016,21.0,16.9,1.7,0.005207700453069939
06025,31.0,68.4,2.4,57190,14.0,17.1,2016,24.1,14.3,21.4,0.004196537856268579
06027,44.2,72.9,3.7,8087,24.5,6.3,2016,10.8,13.6,2.1,0.045752442191171014
06029,30.6,64.9,2.4,323691,15.7,11.9,2016,23.1,11.0,8.8,0.0007414478623131319
06031,32.1,57.7,2.3,54567,12.8,11.7,2016,21.6,11.6,9.6,0.00421500174097898
06033,44.3,69.0,1.8,21401,16.2,13.7,2016,24.6,21.5,2.6,0.008410821924209149
06035,34.4,40.3,2.6,8760,12.5,9.4,2016,16.2,18.6,0.8,0.02968036529680365
06037,34.7,53.9,4.3,4591360,30.8,8.9,2016,17.8,9.9,13.5,9.365416782826875e-05
06039,32.0,68.5,2.6,47613,13.1,8.2,2016,22.1,12.7,9.8,0.005460693508075526
06041,44.1,66.6,2.2,127178,57.1,5.1,2016,8.1,9.0,4.6,0.0017298589378666124
06043,50.4,70.5,2.3,6966,22.6,9.8,2016,16.3,17.8,0.7,0.03301751363766867
06045,40.4,68.7,2.5,35629,24.1,11.0,2016,20.2,16.9,4.6,0.007016756013359903
06047,29.8,68.3,2.9,93760,13.7,15.7,2016,24.2,15.3,13.3,0.003093003412969283
06049,46.6,76.0,0.3,3368,18.3,6.8,2016,16.9,19.9,2.5,0.008907363420427552
06051,40.4,49.3,8.1,7522,30.6,8.0,2016,8.8,7.0,5.0,0.10768412656208455
06053,33.0,62.5,1.9,182614,23.6,6.9,2016,16.1,9.2,13.6,0.0010404459679980724
06055,39.4,63.7,1.6,68274,33.0,6.6,2016,8.8,11.1,6.8,0.0023434982570231713
06057,47.9,70.1,1.4,40067,34.4,8.8,2016,12.1,14.8,1.3,0.0034941473032670273
06059,36.0,56.7,2.0,1501853,38.4,6.8,2016,12.5,8.5,9.2,0.00013316882544430115
06061,40.1,69.0,1.4,163251,36.9,7.0,2016,8.7,11.0,2.2,0.0008575751450220825
06063,50.5,70.9,1.5,7189,21.9,11.8,2016,12.8,20.5,1.3,0.02086521073862846
06065,33.8,65.5,1.9,923845,21.2,11.3,2016,16.5,11.3,6.9,0.00020566220524005651
06067,34.5,59.2,2.6,632480,29.3,10.2,2016,17.9,12.7,6.7,0.00041108019225904373
06069,34.3,62.0,0.9,25603,19.0,10.8,2016,10.8,9.4,8.5,0.003515213060969418
06071,31.6,60.6,2.1,834181,19.3,11.0,2016,19.1,10.9,7.1,0.0002517439260783931
06073,33.9,54.0,2.3,1536747,36.5,7.8,2016,14.0,9.9,7.1,0.0001496667961609816
06075,38.2,38.6,20.3,479139,54.8,6.2,2016,12.5,10.6,12.2,0.004236766366336283
06077,32.7,65.7,2.2,277798,18.2,11.9,2016,17.8,12.2,8.6,0.0007919423465971678
06079,37.2,55.7,1.9,127442,34.1,5.5,2016,14.2,11.0,3.4,0.001490874280064657
06081,38.1,56.7,2.5,387602,47.1,5.6,2016,7.7,8.3,9.3,0.0006449915119117033
06083,32.6,57.5,3.2,202069,32.2,7.2,2016,15.9,9.7,7.7,0.0015836174771983826
06085,35.9,54.6,2.2,912304,49.1,6.6,2016,9.3,7.8,11.0,0.000241147687612901
06087,36.0,50.7,2.0,128893,39.0,7.3,2016,15.1,10.0,5.9,0.0015516746448604657
06089,40.3,69.3,2.0,69150,20.1,8.7,2016,17.5,18.3,1.1,0.0028922631959508315
06091,54.9,68.3,0.3,1186,19.8,3.9,2016,11.3,18.5,1.8,0.02529510961214165
06093,46.6,75.5,2.6,15770,22.2,11.7,2016,22.0,20.3,1.0,0.01648700063411541
06095,36.1,57.7,2.0,189124,25.1,10.0,2016,12.7,12.1,4.5,0.0010575072439246208
06097,39.5,59.7,1.8,238691,33.1,7.0,2016,11.2,11.9,4.5,0.0007541130583055079
06099,32.7,65.5,2.1,206066,16.5,13.8,2016,18.2,13.4,8.9,0.0010190909708539984
06101,34.3,69.1,1.9,37746,17.9,11.2,2016,17.5,13.5,7.9,0.0050336459492396545
06103,39.5,72.3,1.4,22690,13.8,12.6,2016,21.5,19.9,3.4,0.00617011899515205
06105,50.3,70.7,2.4,4590,20.1,9.9,2016,20.1,23.5,0.3,0.0522875816993464
06107,29.8,72.4,2.5,165799,14.0,10.6,2016,28.3,12.2,14.9,0.0015078498664045019
06109,45.9,67.0,3.2,19075,19.7,11.6,2016,14.2,20.0,0.8,0.016775884665792922
06111,36.0,60.8,1.4,395139,32.2,7.5,2016,10.6,10.5,6.6,0.0003543057000194868
06113,30.3,49.3,3.2,91743,40.0,7.9,2016,19.3,10.1,7.0,0.003488004534405895
06115,31.1,64.8,2.9,27106,15.5,12.7,2016,20.8,16.9,4.6,0.010698738286726186
06001,12.8,37.3,4.6,753329,44.7,6.0,2017,11.3,9.6,9.6,0.0006106229814596278
06003,27.5,44.9,4.4,364,25.6,14.6,2017,19.8,24.3,1.6,1.208791208791209
06005,25.6,50.6,1.1,12847,22.1,9.3,2017,10.6,17.5,0.5,0.008562310266988404
06007,17.3,36.9,2.9,90376,26.6,9.1,2017,20.5,17.2,2.3,0.00320881649995574
06009,25.7,51.6,1.4,16310,19.3,7.1,2017,12.8,20.2,0.5,0.008583690987124463
06011,13.4,34.7,1.4,9262,15.7,5.9,2017,14.0,12.1,9.0,0.01511552580436191
06013,14.6,39.2,2.0,520162,40.7,6.9,2017,9.8,11.3,6.7,0.0003844955994478643
06015,15.9,38.7,2.4,8223,14.4,9.5,2017,23.2,22.5,1.7,0.02918642831083546
06017,18.9,45.5,2.1,78495,33.3,8.1,2017,9.8,13.2,1.7,0.0026753296388304986
06019,11.4,31.8,3.1,379219,20.1,10.4,2017,25.4,13.1,10.0,0.0008174695888127968
06021,14.9,36.8,3.0,10337,13.0,9.2,2017,19.6,17.5,10.9,0.02902195994969527
06023,16.1,37.7,3.0,57251,29.4,8.9,2017,20.8,16.7,1.6,0.00524008314265253
06025,12.1,32.2,2.1,58660,14.3,16.0,2017,23.8,14.4,21.9,0.003579952267303103
06027,21.8,45.6,3.0,8078,25.3,5.2,2017,10.2,13.7,2.4,0.03713790542213419
06029,10.2,31.3,2.5,329269,15.8,10.9,2017,22.6,11.1,8.9,0.0007592576282613912
06031,9.5,31.5,3.1,55539,13.0,9.7,2017,20.9,12.1,11.3,0.005581663335674032
06033,21.2,45.8,1.9,21813,15.3,11.2,2017,22.8,21.1,2.6,0.008710402053821115
06035,12.7,36.2,2.3,8737,12.4,7.5,2017,14.6,17.0,0.7,0.026324825454961658
06037,12.5,36.0,4.2,4685201,31.2,7.8,2017,17.0,9.9,13.2,8.96439661820272e-05
06039,13.1,33.7,2.1,50407,13.8,8.3,2017,22.1,12.7,10.5,0.004166088043327316
06041,20.3,46.1,1.9,127260,57.5,4.5,2017,8.1,9.2,4.3,0.001493006443501493
06043,26.0,51.1,2.7,6789,24.4,10.0,2017,15.1,18.1,0.7,0.039770216526734424
06045,19.7,42.4,2.3,35736,24.8,10.4,2017,19.1,16.7,4.6,0.006436086859189612
06047,10.7,30.8,2.8,95151,13.8,14.6,2017,23.3,14.7,13.0,0.002942691091002722
06049,24.6,47.8,0.3,3085,16.6,7.5,2017,18.1,19.0,2.8,0.00972447325769854
06051,13.7,38.3,7.9,7781,31.5,3.6,2017,9.9,7.3,3.4,0.10152936640534638
06053,12.4,33.9,2.0,185131,23.9,6.0,2017,14.7,8.9,13.2,0.0010803161004910038
06055,17.4,40.8,1.8,69406,34.6,5.4,2017,8.2,11.6,6.4,0.0025934357260179236
06057,24.4,49.8,1.3,40996,35.8,7.3,2017,12.1,15.1,1.2,0.0031710410771782615
06059,13.5,37.5,1.8,1529381,39.1,5.8,2017,12.1,8.6,9.1,0.00011769467516596585
06061,18.2,41.6,1.3,167691,37.5,5.6,2017,8.2,10.9,2.1,0.0007752354032118599
06063,25.8,52.1,1.4,7061,22.6,9.4,2017,13.3,20.1,0.8,0.019827219940518337
06065,13.5,35.0,1.8,954390,21.5,9.9,2017,15.6,11.5,7.3,0.00018860214377770096
06067,13.0,35.9,2.6,650426,29.9,8.8,2017,16.7,12.5,6.8,0.0003997380178529149
06069,11.7,35.4,0.8,26596,19.2,8.8,2017,9.7,9.5,8.1,0.003007971123477215
06071,10.6,32.9,1.9,856541,19.8,9.9,2017,18.2,11.0,6.9,0.00022182242297800106
06073,12.9,35.4,2.2,1575008,37.4,7.1,2017,13.3,9.8,6.8,0.00013968183018752922
06075,14.9,38.3,20.3,495315,55.8,5.4,2017,11.7,10.6,11.8,0.0040984020269929245
06077,12.0,33.9,2.2,286690,18.1,10.1,2017,17.1,12.4,8.5,0.0007673793993512157
06079,18.1,39.0,1.7,128290,34.0,4.8,2017,13.8,11.1,3.2,0.0013251227687271026
06081,15.1,39.6,2.6,396443,48.5,4.7,2017,7.3,8.4,9.0,0.0006558319859349263
06083,14.3,33.7,2.9,207428,33.3,6.6,2017,15.4,9.6,7.7,0.0013980754767919472
06085,12.6,37.0,2.2,937067,50.0,5.7,2017,8.6,7.9,10.8,0.00023477510146019441
06087,14.2,37.3,2.2,130571,39.8,6.7,2017,14.7,10.5,5.7,0.0016849070620581906
06089,19.4,41.8,2.4,70647,21.4,6.8,2017,18.1,17.8,1.2,0.0033971718544311856
06091,26.4,55.0,0.0,1101,21.4,5.3,2017,12.3,13.8,0.2,0.0
06093,23.4,47.9,2.2,16073,22.7,9.1,2017,20.7,19.3,1.1,0.013687550550612831
06095,14.2,37.7,2.0,194308,25.6,8.5,2017,11.5,12.3,4.6,0.0010292936986639769
06097,17.4,41.4,1.8,243493,33.8,5.9,2017,10.7,12.0,4.2,0.000739240963805941
06099,12.3,33.9,2.2,212692,16.7,11.8,2017,17.2,13.3,8.9,0.001034359543377278
06101,14.6,35.7,2.3,37474,17.5,10.5,2017,16.7,13.8,8.1,0.006137588728184875
06103,18.5,41.1,2.2,23284,14.4,10.1,2017,20.9,20.6,3.4,0.009448548359388421
06105,25.5,51.4,2.6,4610,19.5,9.6,2017,19.9,23.2,0.7,0.05639913232104121
06107,10.7,30.6,2.4,168712,13.8,10.0,2017,27.1,12.3,16.2,0.0014225425577315187
06109,24.1,48.6,1.9,19680,20.6,7.9,2017,13.6,19.0,1.3,0.009654471544715448
06111,14.1,37.5,1.4,401262,32.6,6.6,2017,10.3,10.9,6.2,0.0003488992229515877
06113,11.5,30.9,3.1,93885,40.6,7.2,2017,19.4,9.9,6.9,0.0033019119135112105
06115,11.6,32.4,2.7,28425,16.4,9.9,2017,18.5,16.6,4.2,0.00949868073878628
06001,13.1,37.4,4.8,767292,46.0,5.1,2018,10.6,9.4,9.3,0.0006255767035235608
06003,25.6,44.3,6.0,356,30.0,17.8,2018,19.8,20.7,1.7,1.6853932584269662
06005,26.3,50.5,1.8,12863,20.3,8.6,2018,9.7,18.5,0.5,0.013993625126331339
06007,17.7,37.1,3.1,92011,26.5,8.7,2018,20.1,17.0,2.4,0.0033691623827585833
06009,27.0,52.1,0.7,16701,18.7,6.1,2018,11.7,21.4,0.5,0.004191365786479852
06011,13.8,35.1,1.8,9403,15.4,5.1,2018,13.8,12.3,10.3,0.019142826757417845
06013,15.0,39.4,2.0,532887,41.7,6.1,2018,9.1,11.2,6.5,0.0003753140909798888
06015,16.7,38.6,2.9,8474,14.3,8.3,2018,22.5,21.0,1.5,0.034222327118244036
06017,19.7,45.8,1.9,81390,33.7,6.2,2018,8.9,13.3,1.5,0.002334439120285047
06019,11.7,32.0,2.9,387400,20.7,9.4,2018,24.1,13.0,9.9,0.000748580278781621
06021,15.4,36.6,2.0,10711,13.9,6.8,2018,18.8,16.8,8.7,0.018672392867145924
06023,16.7,38.0,2.7,58275,29.8,8.0,2018,20.3,16.3,1.7,0.004633204633204634
06025,12.5,32.4,2.0,59142,14.5,15.3,2018,24.2,14.4,23.0,0.003381691522099354
06027,22.9,45.7,2.4,7901,26.1,5.2,2018,10.2,14.1,2.1,0.030375901784584228
06029,10.4,31.5,2.5,333091,16.1,10.3,2018,22.0,11.2,9.0,0.00075054564668514
06031,9.7,31.7,2.7,55612,13.5,8.4,2018,20.8,12.4,11.5,0.004855067251672301
06033,21.7,45.6,1.8,22611,15.8,9.8,2018,21.0,20.1,2.9,0.00796072707973995
06035,13.3,36.0,2.0,8478,12.0,6.1,2018,13.8,16.8,0.8,0.02359046945034206
06037,12.9,36.2,4.1,4749180,31.8,6.8,2018,16.0,9.9,12.9,8.633069287750728e-05
06039,13.4,33.9,2.1,53980,14.5,8.3,2018,20.8,13.2,10.6,0.003890329751759912
06041,21.0,46.5,1.9,128692,58.8,3.8,2018,7.6,8.9,4.1,0.0014763932489976067
06043,26.7,51.4,2.8,6777,23.4,8.7,2018,14.0,18.4,1.4,0.04131621661502139
06045,20.4,42.8,1.8,36532,24.7,9.2,2018,18.5,16.8,4.4,0.00492718712361765
06047,10.9,30.9,2.4,98647,14.0,12.7,2018,22.7,13.6,12.9,0.002432917372043752
06049,25.7,47.7,0.7,2998,15.9,8.1,2018,16.6,18.1,2.7,0.02334889926617745
06051,14.3,38.3,5.4,8235,30.6,3.1,2018,10.4,6.5,2.8,0.06557377049180328
06053,12.8,34.1,1.8,187205,24.5,5.4,2018,14.1,8.9,13.3,0.000961512780107369
06055,18.0,41.1,1.8,69074,34.9,5.0,2018,8.1,11.8,6.9,0.002605900917856212
06057,25.4,50.1,1.1,42329,36.6,6.4,2018,11.4,14.9,1.2,0.002598691204611496
06059,13.9,37.8,1.8,1546371,39.9,5.1,2018,11.5,8.6,9.0,0.0001164015621089635
06061,18.7,41.9,1.4,170441,38.6,4.9,2018,8.0,10.7,2.0,0.0008213986071426474
06063,26.7,52.2,1.5,7277,23.5,6.4,2018,11.7,18.4,0.9,0.02061288992716779
06065,13.8,35.3,1.6,984230,21.8,8.6,2018,14.7,11.4,7.9,0.00016256362842018634
06067,13.4,36.0,2.5,671083,30.4,7.4,2018,15.8,12.1,6.6,0.00037253216070143335
06069,12.1,35.5,0.7,27547,19.7,7.4,2018,9.2,9.4,8.5,0.0025411115547972554
06071,10.9,33.1,1.8,881534,20.3,8.8,2018,17.3,10.9,6.7,0.00020418951509527708
06073,13.3,35.6,2.2,1603486,38.1,6.4,2018,12.5,9.8,6.5,0.00013720107316184864
06075,15.1,38.2,21.1,504358,57.1,4.7,2018,10.9,10.3,11.6,0.004183536297629858
06077,12.2,34.1,2.1,295859,18.4,8.7,2018,15.9,12.4,8.3,0.0007097975724923021
06079,18.7,39.1,1.9,128339,34.6,4.6,2018,13.3,11.5,3.0,0.0014804541098185275
06081,15.4,39.6,2.5,401339,49.9,4.1,2018,7.0,8.5,8.5,0.0006229147927313319
06083,14.6,33.7,2.6,207593,33.8,6.1,2018,14.8,9.9,7.8,0.00125245070883893
06085,12.8,37.0,2.3,955422,51.3,4.8,2018,7.9,7.9,10.7,0.00024073132081949128
06087,15.0,37.4,2.0,131355,40.0,6.3,2018,14.3,11.1,6.1,0.0015225914506490047
06089,19.9,41.8,2.6,70789,22.2,6.2,2018,17.1,17.8,1.2,0.0036728870304708356
06091,29.1,55.5,0.0,1168,18.7,4.6,2018,8.3,13.2,0.0,0.0
06093,24.0,48.0,1.9,16309,22.5,7.9,2018,19.4,19.4,1.2,0.011650009197375681
06095,14.7,37.9,1.9,200623,26.2,7.0,2018,10.4,12.4,4.5,0.0009470499394386487
06097,18.2,41.7,1.7,247521,34.9,5.1,2018,10.3,12.1,4.3,0.0006868104120458466
06099,12.6,34.0,2.0,215593,16.9,10.5,2018,16.1,13.2,8.7,0.0009276739040692415
06101,14.8,35.7,2.1,38011,17.7,9.7,2018,16.0,13.8,8.0,0.005524716529425693
06103,18.9,40.9,2.8,23719,15.5,9.3,2018,21.5,20.1,3.4,0.011804882161979845
06105,26.3,51.8,2.6,4590,19.7,8.6,2018,19.7,21.4,0.1,0.056644880174291944
06107,10.9,30.8,2.2,172133,14.3,9.4,2018,25.5,12.1,17.1,0.0012780814835040347
06109,24.8,48.4,1.5,20024,20.0,6.8,2018,13.3,19.0,1.3,0.007491010787055533
06111,14.6,37.9,1.3,404178,33.1,5.9,2018,9.6,10.9,6.2,0.0003216404653395286
06113,11.8,31.0,3.1,95318,41.6,6.5,2018,19.6,9.3,6.8,0.003252271344342097
06115,12.0,32.5,2.5,29756,16.7,8.4,2018,18.0,15.8,4.9,0.008401666890711116
06001,13.5,37.6,4.7,781901,47.4,4.6,2019,9.9,9.2,8.6,0.0006010991161285124
06003,29.9,52.2,4.5,330,34.5,12.5,2019,19.7,16.0,1.7,1.3636363636363635
06005,26.7,50.5,1.9,13281,19.3,6.9,2019,9.9,19.0,0.5,0.014306151645207437
06007,18.0,37.1,2.8,93125,27.2,8.1,2019,19.1,17.2,2.3,0.003006711409395973
06009,27.5,52.0,0.6,16860,18.3,6.4,2019,11.4,21.1,0.6,0.0035587188612099642
06011,14.4,35.3,1.7,9469,15.0,4.3,2019,13.0,12.2,10.4,0.01795332136445242
06013,15.4,39.7,1.9,544376,42.4,5.3,2019,8.7,11.2,6.2,0.0003490234690728467
06015,17.2,39.5,2.2,8838,14.8,7.7,2019,19.5,20.0,1.3,0.024892509617560534
06017,20.5,45.9,1.7,83461,34.3,5.5,2019,8.4,13.2,1.4,0.002036879500605073
06019,12.0,32.2,2.7,395689,21.2,8.7,2019,22.5,13.2,10.1,0.0006823540710002048
06021,15.9,36.4,1.7,10994,14.2,5.3,2019,17.5,15.2,8.5,0.015462979807167546
06023,17.3,38.4,2.9,59460,30.4,7.8,2019,20.1,16.5,1.4,0.004877228388832829
06025,12.6,32.4,2.0,59343,15.2,14.2,2019,24.1,14.4,23.9,0.0033702374332271706
06027,22.8,45.8,1.3,8053,27.2,4.1,2019,9.3,14.2,2.3,0.016143052278653917
06029,10.7,31.6,2.5,337438,16.4,9.8,2019,21.0,11.1,9.5,0.0007408768425607075
06031,10.0,31.8,2.3,56799,14.7,7.6,2019,18.2,12.2,13.1,0.0040493670663215905
06033,22.3,45.6,1.8,23281,15.5,8.7,2019,18.6,20.0,2.3,0.007731626648339847
06035,14.2,36.6,2.4,8340,12.9,6.5,2019,13.5,18.4,0.8,0.028776978417266185
06037,13.3,36.5,3.9,4811408,32.5,6.1,2019,14.9,9.9,12.7,8.10573536893982e-05
06039,13.8,34.1,1.5,54942,14.6,8.7,2019,19.9,13.0,10.6,0.002730151796439882
06041,21.6,46.8,1.7,128161,59.5,3.7,2019,7.2,9.1,4.1,0.0013264565663501375
06043,27.5,51.7,4.0,6785,24.6,8.3,2019,15.2,20.4,1.2,0.058953574060427415
06045,21.2,43.1,1.8,36446,24.4,8.7,2019,17.8,17.0,3.5,0.004938813587224936
06047,11.0,31.1,2.3,100895,13.8,11.9,2019,21.2,13.0,13.1,0.0022795976014668715
06049,27.0,47.8,1.3,2921,15.2,8.6,2019,18.8,18.3,4.1,0.044505306401917154
06051,14.3,37.7,6.2,8302,28.8,3.4,2019,12.1,5.3,3.7,0.07468079980727536
06053,13.2,34.4,1.7,189872,24.7,4.9,2019,13.1,8.8,12.4,0.0008953400185388052
06055,18.6,41.3,1.8,69238,35.7,4.5,2019,7.8,11.8,6.0,0.0025997284728039517
06057,26.5,50.5,1.1,42907,37.2,4.6,2019,11.0,14.3,0.8,0.0025636842473256115
06059,14.4,38.1,1.8,1562046,40.6,4.6,2019,10.9,8.5,8.7,0.00011523348224059984
06061,19.1,42.0,1.3,175805,39.7,4.2,2019,7.7,10.6,1.9,0.000739455646881488
06063,27.1,52.3,1.2,7485,23.7,5.4,2019,12.1,16.5,1.1,0.01603206412825651
06065,14.1,35.6,1.5,1009081,22.3,7.5,2019,13.7,11.6,8.1,0.00014865010836592898
06067,13.7,36.2,2.3,689904,30.9,6.5,2019,14.7,11.8,6.5,0.0003333797165982513
06069,12.5,35.7,0.7,28376,19.7,6.9,2019,8.4,9.0,8.5,0.002466873414152805
06071,11.3,33.3,1.7,904677,21.0,7.7,2019,16.0,11.0,6.7,0.00018791237093459875
06073,13.7,35.8,2.2,1627544,38.8,6.0,2019,11.6,9.9,6.3,0.0001351729968590711
06075,15.4,38.2,21.4,512455,58.1,4.2,2019,10.3,10.2,11.2,0.0041759764271984854
06077,12.5,34.3,1.9,303147,18.8,7.8,2019,14.5,12.5,8.3,0.0006267586352495653
06079,19.4,39.2,2.0,130710,35.4,4.0,2019,12.5,11.6,2.6,0.0015301048121796343
06081,15.8,39.7,2.4,406128,51.0,3.7,2019,6.7,8.2,8.3,0.0005909466966079659
06083,15.0,33.8,2.5,209569,34.2,5.8,2019,13.5,9.9,8.1,0.0011929245260510859
06085,13.2,37.1,2.5,966853,52.4,4.3,2019,7.5,8.0,10.6,0.0002585708478951816
06087,15.8,37.8,1.9,132921,40.8,5.7,2019,13.1,12.0,5.9,0.0014294204828431926
06089,20.2,41.5,2.6,72331,22.2,5.5,2019,16.7,18.3,1.1,0.0035945860004700614
06091,29.3,54.8,0.0,1195,17.9,5.3,2019,9.7,15.6,0.0,0.0
06093,24.7,47.8,1.8,16123,23.2,7.1,2019,18.8,18.6,0.9,0.0111641754016002
06095,15.2,38.1,1.9,205287,26.9,6.0,2019,9.5,12.3,4.7,0.0009255335213627751
06097,19.0,42.1,1.7,249638,35.5,4.4,2019,9.2,11.9,4.2,0.0006809860678262124
06099,12.8,34.1,1.7,221055,17.1,9.1,2019,15.1,13.1,8.4,0.0007690393793399832
06101,15.0,35.7,2.0,38584,18.2,8.3,2019,15.5,13.6,8.6,0.005183495749533485
06103,19.3,41.0,2.9,24008,15.7,8.6,2019,22.1,18.9,3.5,0.012079306897700766
06105,26.9,52.5,2.4,4257,19.5,8.8,2019,19.0,20.9,0.5,0.05637773079633545
06107,11.2,31.0,1.9,173640,14.6,9.5,2019,23.8,12.1,16.9,0.0010942179221377563
06109,25.6,48.4,1.7,20071,20.5,5.2,2019,12.8,19.6,1.0,0.008469931742314783
06111,15.1,38.1,1.4,407902,33.8,5.1,2019,8.9,10.9,6.1,0.0003432196949267226
06113,12.1,31.0,3.3,97220,41.4,6.2,2019,19.1,9.6,6.2,0.0033943632997325652
06115,12.3,32.8,2.0,30628,17.1,7.2,2019,15.5,15.0,4.1,0.00652997257411519
06001,13.9,37.8,4.8,799481,48.7,4.7,2020,9.3,9.2,8.2,0.00060038950268987
06003,29.1,47.6,2.4,398,38.4,10.0,2020,12.0,15.7,1.0,0.6030150753768844
06005,27.0,49.9,1.0,13998,18.1,5.6,2020,8.1,17.9,1.6,0.0071438776968138305
06007,18.2,36.9,2.8,92703,28.3,7.4,2020,18.2,17.0,2.3,0.0030203984768561965
06009,28.0,52.8,1.2,16894,19.8,5.2,2020,11.4,20.1,0.4,0.007103113531431277
06011,14.6,35.4,1.3,9468,14.9,4.2,2020,11.9,13.4,9.6,0.013730460498521335
06013,15.8,39.9,2.0,547220,43.3,5.5,2020,8.2,11.2,5.7,0.00036548371770037645
06015,17.8,40.0,1.7,8866,15.4,6.4,2020,17.1,18.5,0.9,0.01917437401308369
06017,21.2,46.3,1.6,84184,35.2,4.7,2020,8.5,13.1,1.3,0.001900598688586905
06019,12.2,32.4,2.5,397002,22.0,8.9,2020,20.8,13.0,10.1,0.0006297197495226724
06021,16.4,35.9,2.1,11469,14.4,5.7,2020,15.2,15.1,8.8,0.01831022756997123
06023,17.8,38.9,2.9,58659,30.9,9.0,2020,19.7,16.8,1.2,0.0049438278865988165
06025,12.9,32.5,1.5,58495,15.4,13.7,2020,22.5,13.9,23.9,0.0025643217369005896
06027,23.3,45.3,1.1,7857,26.4,3.9,2020,10.0,15.3,1.7,0.014000254550082731
06029,11.0,31.9,2.2,339931,17.1,9.1,2020,20.4,11.4,9.2,0.0006471901650629099
06031,10.3,32.0,2.3,56560,15.0,8.4,2020,16.0,11.9,13.7,0.0040664780763790655
06033,22.8,45.3,1.6,23014,16.7,10.5,2020,17.5,20.2,2.3,0.006952289910489268
06035,14.4,36.8,2.2,8106,12.7,6.1,2020,13.3,16.5,1.4,0.027140389834690356
06037,13.6,36.7,3.9,4780680,33.5,6.5,2020,14.2,10.1,12.3,8.157835287030296e-05
06039,14.0,34.1,1.3,56457,15.2,9.6,2020,19.0,13.4,10.1,0.002302637405459022
06041,22.3,47.1,1.5,127210,60.2,4.5,2020,6.9,8.9,3.8,0.0011791525823441555
06043,28.2,51.8,3.9,6678,26.9,8.7,2020,15.6,19.1,1.8,0.05840071877807727
06045,22.1,43.4,2.0,36083,24.0,8.6,2020,16.3,17.7,3.3,0.005542776376687083
06047,11.2,31.2,2.1,102580,14.1,10.7,2020,18.8,13.1,12.4,0.0020471826866835644
06049,27.4,47.6,0.8,3128,18.2,8.4,2020,17.9,16.3,1.3,0.025575447570332484
06051,15.3,39.5,4.2,8095,32.1,2.4,2020,12.1,6.4,3.3,0.05188387893761582
06053,13.6,34.7,1.6,190195,26.2,5.1,2020,12.0,8.9,11.4,0.0008412418833302664
06055,19.2,41.8,1.9,69147,37.2,4.5,2020,7.5,12.2,5.0,0.002747769245231174
06057,27.4,50.5,1.1,43959,37.6,4.0,2020,9.5,13.9,0.7,0.0025023317181919517
06059,14.8,38.3,1.8,1558632,41.2,5.0,2020,10.1,8.9,8.2,0.00011548588762453228
06061,19.6,42.2,1.3,180064,40.8,4.2,2020,7.1,10.5,1.9,0.0007219655233694686
06063,27.7,51.9,1.3,7492,24.5,6.3,2020,12.5,16.8,1.2,0.017351841964762412
06065,14.5,35.8,1.5,1025471,23.2,7.3,2020,12.5,11.6,8.5,0.0001462742486135639
06067,14.1,36.4,2.4,699223,31.4,6.4,2020,13.9,12.0,6.4,0.0003432381371894231
06069,12.7,35.7,1.1,28683,20.1,7.5,2020,9.3,10.2,7.6,0.003835024230380365
06071,11.6,33.6,1.8,916785,21.4,7.3,2020,15.0,11.4,6.4,0.00019633829087517795
06073,14.1,36.1,2.3,1629725,39.5,6.2,2020,10.9,10.0,6.2,0.00014112810443479728
06075,15.8,38.3,21.7,509743,58.8,4.7,2020,10.1,10.1,10.9,0.004257047178676313
06077,12.8,34.4,1.8,307317,19.2,7.2,2020,13.7,12.4,8.3,0.0005857144251701013
06079,20.1,39.5,1.8,130088,36.1,4.5,2020,11.1,11.7,2.2,0.001383678740544862
06081,16.2,39.8,2.5,405104,52.1,4.0,2020,6.2,8.2,7.9,0.0006171254788893716
06083,15.3,33.8,2.6,208560,35.0,5.7,2020,12.9,10.1,7.4,0.001246643651706943
06085,13.5,37.2,2.7,972577,53.5,4.2,2020,7.2,8.1,10.4,0.0002776129807717024
06087,16.4,38.2,1.6,132923,41.8,6.1,2020,11.9,11.5,5.2,0.0012037044002918985
06089,20.6,41.7,2.7,72254,22.1,5.9,2020,15.1,18.1,1.0,0.0037368173388324525
06091,28.2,54.0,0.0,1240,19.4,7.0,2020,9.4,16.5,0.0,0.0
06093,25.2,47.7,1.5,15976,22.1,7.4,2020,16.9,18.6,1.0,0.009389083625438157
06095,15.7,38.3,2.0,207283,27.1,5.9,2020,9.1,12.1,4.5,0.0009648644606648881
06097,19.6,42.4,1.7,248048,36.4,4.6,2020,8.8,11.7,4.1,0.0006853512223440625
06099,13.0,34.3,1.6,223721,17.7,8.8,2020,13.5,13.0,7.9,0.0007151764921487032
06101,15.4,35.8,2.1,39908,20.0,7.7,2020,13.1,12.5,7.4,0.005262102836524005
06103,19.8,40.6,3.3,24149,17.4,8.9,2020,18.8,19.0,2.3,0.013665162118514223
06105,28.0,52.4,3.4,4025,19.2,9.0,2020,23.2,17.7,0.7,0.084472049689441
06107,11.4,31.2,1.9,179001,14.5,9.9,2020,21.8,11.7,16.4,0.0010614465840972957
06109,26.1,48.7,2.1,20018,22.3,7.3,2020,11.0,20.0,0.7,0.010490558497352384
06111,15.6,38.5,1.3,404157,33.9,5.1,2020,8.9,11.0,5.8,0.00032165717777992217
06113,12.5,31.1,3.4,98248,42.6,5.6,2020,18.6,10.2,6.1,0.003460630241836984
06115,12.4,33.0,2.5,30960,18.0,7.1,2020,15.1,15.3,3.0,0.008074935400516797
06001,14.0,38.0,4.7,817140,49.6,5.0,2021,8.9,9.1,8.0,0.0005751768362826444
06003,28.2,48.2,1.6,514,39.3,9.2,2021,12.9,12.7,1.2,0.311284046692607
06005,26.7,49.7,1.2,14830,19.5,6.8,2021,7.9,17.0,1.6,0.008091706001348618
06007,18.0,36.6,2.6,93043,29.8,7.2,2021,17.7,16.4,2.2,0.002794406887138205
06009,28.0,52.3,1.5,16387,19.9,6.8,2021,14.1,20.1,0.5,0.00915359736376396
06011,14.6,35.6,1.2,9320,14.7,5.5,2021,13.0,13.2,10.0,0.012875536480686693
06013,15.8,39.9,2.2,553536,44.1,5.8,2021,8.2,11.1,5.7,0.00039744479130535327
06015,17.9,40.1,2.0,8939,16.1,7.5,2021,17.3,18.7,1.1,0.022373867322966774
06017,21.5,46.2,1.7,85493,36.8,4.7,2021,8.7,12.1,1.4,0.001988466892026248
06019,12.1,32.6,2.3,403192,22.6,8.8,2021,20.2,13.1,9.8,0.0005704478263457608
06021,16.2,35.5,0.8,11856,14.9,7.1,2021,15.1,13.4,7.2,0.0067476383265856945
06023,18.1,39.1,3.1,57701,31.2,9.4,2021,20.3,17.4,1.5,0.005372523873069791
06025,12.8,32.5,1.2,57287,15.2,13.9,2021,21.0,14.4,25.2,0.0020947160786915007
06027,23.2,44.5,1.5,8159,27.3,4.3,2021,10.8,16.0,1.3,0.01838460595661233
06029,10.9,32.1,2.4,346503,17.6,8.9,2021,19.4,11.2,9.0,0.0006926346958034995
06031,10.3,32.1,2.5,55733,14.3,9.1,2021,16.4,12.2,13.9,0.004485672761200725
06033,22.7,44.6,1.2,24536,17.5,10.1,2021,16.8,19.6,2.3,0.00489077274209325
06035,14.7,37.3,2.1,8513,11.8,6.9,2021,13.9,16.9,3.0,0.02466815458710208
06037,13.7,37.0,3.9,4753898,34.0,7.0,2021,13.9,10.1,12.1,8.203794023346735e-05
06039,13.9,34.3,1.5,56553,16.4,10.5,2021,19.6,13.7,10.7,0.002652379184128163
06041,22.4,47.1,1.5,127959,60.1,5.2,2021,6.9,9.2,3.8,0.001172250486483952
06043,28.2,51.6,3.8,6827,28.9,9.7,2021,13.2,18.5,2.0,0.05566134466090522
06045,22.4,43.6,2.0,37623,24.5,8.5,2021,15.8,19.0,2.7,0.005315897190548335
06047,11.1,31.3,2.4,103796,14.1,11.1,2021,19.4,12.8,12.2,0.0023122278315156654
06049,28.1,47.8,1.1,2978,19.7,9.9,2021,19.6,17.8,3.5,0.03693754197447952
06051,15.0,40.3,3.8,7238,29.5,2.4,2021,10.0,7.9,3.0,0.05250069079856314
06053,13.7,34.9,1.7,191033,26.5,5.5,2021,12.2,8.8,10.7,0.0008898986039061313
06055,19.3,42.1,1.8,68679,37.0,4.9,2021,7.7,12.2,5.3,0.0026208884811951254
06057,27.5,50.1,1.2,45924,38.7,4.2,2021,10.5,13.7,0.8,0.0026130128037627383
06059,14.8,38.5,1.9,1562454,42.1,5.4,2021,9.9,8.8,7.9,0.00012160358000939547
06061,19.4,42.1,1.4,183134,41.6,4.3,2021,7.0,10.8,1.9,0.0007644675483525723
06063,28.3,51.8,1.4,7495,23.0,8.2,2021,11.9,16.5,0.9,0.01867911941294196
06065,14.3,36.0,1.6,1020284,23.5,7.2,2021,12.0,11.4,8.3,0.00015681908174586685
06067,14.1,36.6,2.4,715334,32.0,6.6,2021,13.3,11.8,6.2,0.0003355076090329832
06069,12.7,35.7,1.3,29892,20.5,7.1,2021,7.7,10.0,8.1,0.004348989696239797
06071,11.6,33.8,2.0,926022,21.9,7.5,2021,14.3,11.4,6.2,0.00021597759016524448
06073,14.1,36.3,2.5,1618547,40.3,6.6,2021,10.7,10.0,6.0,0.000154459524499443
06075,15.9,38.7,21.5,500344,59.5,5.3,2021,10.3,10.1,10.6,0.004297043633979822
06077,12.6,34.6,1.7,314888,19.5,7.3,2021,13.5,12.2,8.5,0.0005398744950585605
06079,20.2,39.7,1.9,128905,36.7,5.1,2021,12.0,12.4,2.3,0.0014739536868236297
06081,16.2,40.0,2.7,400489,52.5,4.6,2021,6.2,8.1,7.8,0.0006741758200599768
06083,15.2,33.9,2.8,207493,35.1,6.1,2021,13.4,10.2,7.0,0.0013494431137435962
06085,13.6,37.5,2.8,979075,54.4,4.5,2021,6.7,8.2,10.1,0.0002859842197993004
06087,16.8,38.5,1.8,132141,41.9,6.4,2021,10.9,11.3,5.0,0.0013621813063318727
06089,20.4,41.5,2.7,73769,22.6,6.5,2021,14.2,18.2,1.0,0.003660074014830078
06091,27.8,45.9,0.0,1334,22.3,9.0,2021,8.2,13.5,0.0,0.0
06093,25.5,47.1,2.0,16021,21.5,7.9,2021,16.7,18.2,1.3,0.012483615254977841
06095,15.9,38.5,2.1,210032,27.8,6.0,2021,8.9,12.1,4.7,0.0009998476422640361
06097,19.9,42.5,1.6,245200,37.1,5.1,2021,8.7,11.6,4.1,0.0006525285481239804
06099,13.0,34.4,1.6,227453,17.9,8.4,2021,13.6,12.8,7.4,0.000703442029781977
06101,15.2,35.8,2.1,41164,20.0,7.6,2021,12.6,13.2,7.1,0.005101545039354776
06103,19.6,40.0,3.9,25121,17.0,8.1,2021,18.0,19.0,2.3,0.015524859679152899
06105,27.8,53.9,0.8,5379,18.6,5.8,2021,22.5,19.0,1.2,0.014872652909462726
06107,11.3,31.3,1.8,181690,15.2,10.2,2021,19.8,11.4,15.9,0.0009906984424018933
06109,26.2,48.6,1.6,20686,24.6,8.1,2021,9.9,19.8,0.7,0.00773469979696413
06111,15.7,38.7,1.5,402256,34.0,5.6,2021,8.9,11.0,5.8,0.0003728968617000119
06113,12.5,31.5,3.0,99145,43.1,5.6,2021,17.2,10.2,6.3,0.0030258711987493064
06115,12.5,33.2,2.4,32181,17.7,6.5,2021,15.2,15.1,2.9,0.007457816724154004
06001,14.6,38.4,4.8,827327,50.9,4.9,2022,9.2,9.5,8.0,0.0005801817177488465
06003,25.5,43.0,1.8,638,39.6,4.9,2022,13.7,13.5,0.5,0.2821316614420063
06005,26.9,49.6,2.4,15508,20.6,6.0,2022,7.8,18.1,1.5,0.015475883415011608
06007,18.2,36.5,2.3,91975,30.8,7.1,2022,18.2,16.4,2.2,0.0025006795324816525
06009,28.8,52.1,2.0,17014,21.4,6.2,2022,13.1,21.3,0.4,0.011755025273304338
06011,15.1,36.0,1.4,9477,14.3,7.4,2022,10.9,13.1,9.4,0.014772607365199957
06013,16.4,40.1,2.1,556391,44.5,5.8,2022,8.3,11.2,6.0,0.00037743241713111825
06015,19.2,40.0,2.4,9607,17.7,6.3,2022,14.3,19.3,1.5,0.02498178411574893
06017,22.2,46.2,1.9,86127,38.0,4.6,2022,8.6,12.3,1.4,0.0022060445621001545
06019,12.5,32.8,2.5,411511,23.4,8.6,2022,19.5,12.9,9.7,0.0006075171745105233
06021,16.9,35.8,1.3,12118,14.9,7.7,2022,15.3,12.7,5.9,0.010727842878362766
06023,18.9,39.5,3.7,58327,31.1,9.2,2022,19.8,17.9,1.6,0.006343545870694533
06025,13.2,32.6,1.1,59335,15.9,13.2,2022,21.1,14.2,24.6,0.0018538805089744672
06027,23.8,44.6,3.0,8094,29.0,4.9,2022,11.9,16.7,0.9,0.037064492216456635
06029,11.3,32.2,2.5,351806,18.3,8.4,2022,19.3,11.4,8.9,0.0007106189206551338
06031,10.5,32.1,2.1,56893,14.7,9.2,2022,16.2,12.4,13.0,0.0036911395074965287
06033,23.2,44.5,1.1,24313,18.2,10.4,2022,16.6,19.8,2.2,0.004524328548513141
06035,15.2,37.2,2.4,8909,12.1,7.9,2022,15.2,17.9,2.2,0.02693905039847345
06037,14.2,37.4,3.9,4737721,34.6,7.0,2022,13.7,10.6,12.0,8.231805967468325e-05
06039,14.2,34.4,1.8,57706,17.2,11.1,2022,20.1,13.9,9.6,0.0031192596956988875
06041,23.2,47.4,2.0,126445,61.1,5.8,2022,7.0,9.6,3.9,0.001581715370319111
06043,29.3,51.6,3.5,7072,28.9,6.2,2022,16.0,18.9,1.3,0.04949095022624434
06045,23.3,43.7,2.1,36841,24.0,9.1,2022,16.2,18.7,2.2,0.005700171005130154
06047,11.4,31.5,2.6,106381,14.6,10.7,2022,18.5,12.8,12.2,0.002444045459245542
06049,29.7,47.5,1.0,3184,23.8,7.6,2022,16.9,17.4,2.1,0.031407035175879394
06051,15.7,40.5,2.6,7400,31.7,1.9,2022,11.3,8.0,3.7,0.03513513513513514
06053,14.3,35.1,1.8,189526,27.1,5.3,2022,12.3,9.2,10.5,0.0009497377668499309
06055,20.2,42.5,1.8,66906,37.8,5.2,2022,7.9,12.2,5.3,0.002690341673392521
06057,28.4,50.2,1.3,44318,38.8,4.4,2022,10.4,13.7,1.0,0.002933345367570739
06059,15.4,38.7,2.1,1563277,42.8,5.4,2022,9.7,9.1,8.0,0.00013433319878690725
06061,20.0,42.3,1.6,187335,42.4,4.3,2022,6.8,11.2,2.0,0.000854084928070035
06063,29.6,52.3,1.1,7380,21.2,8.0,2022,10.9,18.2,1.1,0.014905149051490514
06065,14.8,36.3,1.6,1048421,24.1,6.7,2022,11.4,11.6,7.2,0.00015261044942823542
06067,14.6,36.8,2.6,727094,32.6,6.3,2022,13.1,12.3,6.2,0.00035758787722082704
06069,13.2,35.7,1.6,30710,22.0,6.2,2022,7.5,10.7,7.5,0.005210029306414849
06071,11.9,33.9,2.0,946303,22.4,7.2,2022,13.8,11.4,6.2,0.00021134879631576778
06073,14.7,36.7,2.5,1622954,41.0,6.3,2022,10.6,10.4,6.0,0.0001540401021840422
06075,16.7,39.3,20.8,487526,59.8,5.4,2022,10.5,10.8,10.9,0.00426643912324676
06077,13.0,34.8,1.9,325292,20.3,7.2,2022,12.9,12.2,8.1,0.000584090601674803
06079,21.1,40.0,2.0,129192,38.0,5.0,2022,12.6,13.0,2.1,0.001548083472660846
06081,16.9,40.3,2.8,393729,52.9,4.5,2022,6.4,8.7,7.6,0.0007111490390598609
06083,15.9,34.3,2.9,204766,35.7,6.0,2022,13.5,10.9,6.7,0.0014162507447525467
06085,14.1,37.7,3.1,975427,55.3,4.4,2022,6.9,8.6,10.2,0.0003178095336708949
06087,17.7,39.2,2.1,129470,42.5,5.9,2022,11.4,11.7,4.6,0.0016219973739090138
06089,21.1,41.7,2.2,74304,22.8,6.6,2022,13.3,18.1,1.0,0.002960809646856159
06091,31.2,54.9,0.0,1216,23.9,5.6,2022,12.6,14.8,0.0,0.0
06093,26.4,47.2,2.3,15974,22.0,7.4,2022,16.7,18.0,1.3,0.014398397395768122
06095,16.5,38.8,2.0,209755,28.2,5.9,2022,9.0,12.4,5.0,0.000953493361302472
06097,20.6,42.7,1.7,242102,37.8,5.2,2022,8.9,11.8,4.2,0.0007021833772542152
06099,13.3,34.5,1.6,229451,18.2,8.2,2022,13.7,12.7,7.3,0.0006973166384108154
06101,15.7,36.0,3.1,41767,20.6,7.6,2022,13.3,13.8,6.6,0.007422127516939211
06103,19.9,40.3,2.5,24769,18.2,7.4,2022,16.2,18.7,2.1,0.010093261738463402
06105,27.7,53.2,0.3,5176,19.2,7.4,2022,22.0,15.7,1.3,0.00579598145285935
06107,11.5,31.5,1.8,184620,15.6,9.0,2022,18.5,11.8,14.1,0.0009749756256093597
06109,27.3,48.7,1.8,19951,24.4,8.3,2022,11.4,21.3,0.4,0.009022104155180191
06111,16.3,39.0,1.7,402639,34.7,5.3,2022,9.0,11.3,5.9,0.0004222144402305787
06113,13.0,32.0,2.8,100577,43.3,5.3,2022,17.4,10.4,6.0,0.0027839366853256707
06115,12.9,33.5,2.3,33422,17.4,7.4,2022,15.4,16.0,3.3,0.006881694692118963
06001,14.9,38.7,5.0,829369,51.5,5.2,2023,9.2,9.9,8.3,0.0006028679634758473
06003,21.8,41.1,4.0,772,42.1,3.6,2023,12.3,10.7,0.0,0.5181347150259068
06005,27.2,49.9,1.5,15671,22.4,6.1,2023,7.8,16.5,1.8,0.009571820560270563
06007,18.2,36.3,2.2,90852,31.7,7.1,2023,18.3,16.3,2.4,0.002421520715009026
06009,28.7,52.0,2.1,17617,22.2,5.9,2023,13.4,21.1,0.3,0.011920304251575184
06011,15.3,35.7,1.6,9188,14.5,8.4,2023,10.8,13.1,8.9,0.0174140182847192
06013,16.7,40.3,2.4,554692,44.9,5.9,2023,8.3,11.2,6.1,0.0004326725462058223
06015,19.8,40.8,3.0,10022,21.0,6.4,2023,11.6,20.5,1.5,0.029934144881261223
06017,22.8,46.1,2.0,85927,38.8,4.8,2023,8.3,12.5,1.5,0.0023275571124326466
06019,12.7,33.2,2.6,413265,23.9,8.5,2023,18.7,13.1,9.3,0.0006291362684960013
06021,16.8,35.9,1.5,12523,16.5,7.4,2023,12.4,13.2,7.1,0.011977960552583248
06023,19.3,39.6,3.7,58287,32.1,8.7,2023,18.9,18.5,1.5,0.006347899188498294
06025,13.5,33.0,1.4,60149,16.1,12.6,2023,19.6,14.8,23.8,0.0023275532427804286
06027,24.4,45.6,2.9,8327,31.8,2.7,2023,10.5,15.9,0.9,0.034826468115767985
06029,11.6,32.4,2.6,353983,18.6,8.4,2023,19.0,11.9,8.5,0.000734498549365365
06031,10.6,32.3,2.1,57406,13.9,9.8,2023,16.8,12.6,11.4,0.0036581541999094174
06033,23.6,44.2,1.0,24030,17.7,11.5,2023,16.7,20.6,2.1,0.004161464835622139
06035,16.0,37.8,2.6,9354,13.2,7.6,2023,13.7,18.1,2.3,0.02779559546717982
06037,14.7,37.9,4.1,4705602,35.5,7.0,2023,13.6,10.9,12.1,8.713019078111577e-05
06039,14.4,34.6,2.1,58341,17.1,10.6,2023,19.9,14.9,9.5,0.0035995269193191755
06041,23.3,47.3,2.0,123715,60.5,6.1,2023,7.8,9.7,4.3,0.0016166188416926
06043,29.4,51.6,4.2,7269,30.9,6.9,2023,13.9,18.4,1.4,0.05777961205117624
06045,24.1,43.9,2.1,36396,24.9,9.3,2023,15.2,18.5,2.1,0.005769864820309925
06047,11.6,31.8,2.6,107310,14.8,10.8,2023,18.4,12.8,12.5,0.00242288696300438
06049,31.0,49.0,0.6,3092,23.0,6.0,2023,20.3,18.9,3.3,0.019404915912031046
06051,16.4,40.3,6.1,7525,34.3,2.0,2023,11.0,7.7,3.3,0.08106312292358803
06053,14.5,35.3,1.9,187975,27.9,5.1,2023,12.6,9.4,10.3,0.0010107727091368532
06055,20.6,42.8,2.1,66491,38.5,5.1,2023,8.4,12.8,5.2,0.003158322178941511
06057,28.9,50.3,1.5,43247,39.5,4.7,2023,10.6,13.8,0.9,0.003468448678521054
06059,15.8,39.1,2.1,1561569,43.4,5.3,2023,9.5,9.3,7.9,0.00013448012863984877
06061,20.2,42.4,1.9,190489,42.9,4.5,2023,6.7,11.4,2.1,0.0009974329226359528
06063,29.8,52.1,0.5,6939,20.5,9.7,2023,10.7,21.3,1.0,0.007205649228995533
06065,15.1,36.7,1.9,1064271,25.1,6.6,2023,11.1,11.9,6.4,0.00017852595814411932
06067,14.9,37.2,2.9,729635,33.3,6.4,2023,12.6,12.7,6.2,0.00039745900347433987
06069,13.5,35.9,1.5,31004,22.4,6.0,2023,7.8,10.5,8.1,0.004838085408334409
06071,12.3,34.4,2.1,951784,22.9,7.1,2023,13.6,11.8,6.3,0.00022063829608398545
06073,15.0,37.1,2.6,1627877,42.1,6.2,2023,10.4,10.7,5.9,0.0001597172267929334
06075,17.2,39.7,20.6,474659,60.1,5.6,2023,10.6,11.2,10.8,0.004339957738081444
06077,13.3,35.2,2.1,331583,21.6,7.4,2023,12.6,12.5,8.1,0.0006333255926872005
06079,21.6,40.2,2.2,128498,39.2,5.1,2023,12.8,13.0,2.2,0.001712088904107457
06081,17.3,40.6,3.1,386605,53.1,4.5,2023,6.5,9.0,7.9,0.0008018520195031104
06083,16.2,34.5,2.9,202844,35.9,6.1,2023,13.8,11.1,6.4,0.00142967009130169
06085,14.4,37.9,3.3,971394,55.9,4.5,2023,6.9,8.8,10.4,0.0003397179723160736
06087,18.3,39.6,2.2,128338,43.6,5.6,2023,11.2,11.2,4.4,0.0017142233788901185
06089,21.2,41.7,2.1,74434,23.3,6.2,2023,13.0,18.2,1.1,0.0028212913453529304
06091,34.5,56.0,2.3,1059,24.4,12.2,2023,12.3,17.3,0.0,0.21718602455146363
06093,27.2,47.4,2.5,16009,23.1,7.7,2023,16.6,17.5,1.1,0.015616215878568306
06095,16.9,39.1,2.1,206848,28.4,5.9,2023,9.7,12.8,5.3,0.0010152382425742575
06097,21.0,42.7,1.8,239742,37.8,5.2,2023,8.6,12.1,4.2,0.0007508071176514754
06099,13.6,34.8,1.7,232981,19.1,7.8,2023,13.1,12.5,7.4,0.0007296732351565149
06101,16.1,36.4,2.6,41493,20.2,7.0,2023,14.8,14.5,7.0,0.006266117176391198
06103,20.0,40.1,2.2,24688,18.8,6.7,2023,15.4,18.1,2.4,0.008911211924821777
06105,29.3,54.8,0.3,4959,18.0,5.9,2023,18.0,17.7,0.4,0.006049606775559589
06107,11.7,31.9,1.8,186521,15.8,8.8,2023,17.8,12.0,12.6,0.0009650387891979991
06109,27.7,48.8,2.3,20252,23.9,7.9,2023,10.7,21.2,0.5,0.011356903021923761
06111,16.9,39.4,1.8,400619,35.7,5.5,2023,9.0,11.5,5.8,0.00044930470097524083
06113,13.3,32.3,2.5,101489,44.1,5.3,2023,16.3,10.8,5.5,0.0024633211481047204
06115,13.1,33.9,2.9,34118,17.9,7.3,2023,15.3,16.0,3.1,0.008499912069875139
06001,16.4,39.5,5.7,858737,53.4,4.9,2024,8.7,10.5,9.3,0.0006637655067849644
06007,19.1,36.4,2.8,91929,31.2,7.6,2024,19.5,16.3,3.2,0.0030458288461747652
06013,18.0,41.1,2.6,546458,46.2,7.6,2024,8.4,10.4,6.7,0.0004757913691445637
06017,25.4,46.3,1.4,89861,42.4,2.8,2024,7.8,14.2,,0.0015579617409109624
06019,13.5,34.0,4.3,437683,24.7,8.7,2024,18.3,14.1,9.2,0.0009824461996467762
06023,21.2,41.5,2.7,55888,34.6,7.4,2024,18.4,19.6,2.3,0.004831090752934441
06025,14.1,34.0,4.2,64710,18.9,11.5,2024,19.6,14.0,24.9,0.006490496059341678
06029,12.5,33.3,3.6,367022,19.3,8.7,2024,18.9,13.6,7.6,0.0009808676319130734
06031,11.4,33.0,2.1,61101,16.1,12.8,2024,12.3,12.9,8.6,0.0034369322924338395
06033,24.9,43.0,,24262,16.1,11.9,2024,21.6,25.1,3.4,
06037,16.1,38.9,4.5,4834507,37.2,6.1,2024,13.3,11.6,12.5,9.308084567878379e-05
06039,14.9,34.8,1.9,65858,16.3,7.7,2024,18.0,12.0,11.7,0.002884994989219229
06041,25.0,48.2,3.3,123945,61.5,4.3,2024,11.1,10.4,4.0,0.0026624712574125618
06045,26.2,44.8,2.5,37700,23.3,5.8,2024,12.1,18.4,5.6,0.00663129973474801
06047,12.0,32.2,2.7,122309,15.7,8.6,2024,18.7,11.8,14.5,0.0022075235673580853
06053,15.9,36.0,2.4,194837,28.8,4.1,2024,13.8,8.8,11.1,0.0012317988883015032
06055,22.8,43.7,2.4,65567,40.6,4.5,2024,6.6,13.5,5.0,0.0036603779340216875
06057,30.1,50.9,4.5,46187,48.2,5.0,2024,8.6,14.2,1.3,0.009743001277415723
06059,17.4,40.2,2.0,1604650,44.7,4.2,2024,9.7,10.2,8.2,0.000124637771476646
06061,21.1,42.8,1.7,202400,42.3,4.6,2024,7.0,12.6,2.0,0.0008399209486166007
06065,16.1,37.6,2.3,1142182,26.2,5.5,2024,9.6,13.0,6.2,0.0002013689587123593
06067,16.0,38.1,3.1,757909,35.6,6.2,2024,12.0,14.2,7.1,0.0004090200802471009
06069,14.3,35.9,2.0,33173,26.9,6.7,2024,7.2,9.1,,0.006028999487535044
06071,13.3,35.3,2.5,995490,24.1,5.9,2024,12.5,13.0,6.3,0.00025113260806236125
06073,16.3,37.8,2.8,1674562,45.2,5.1,2024,10.0,11.8,6.0,0.00016720790272321955
06075,18.5,40.5,23.7,468430,60.9,5.8,2024,11.3,12.9,10.9,0.005059453920543091
06077,14.0,36.2,2.5,353127,25.4,7.9,2024,12.8,12.7,7.6,0.0007079605920816024
06079,23.3,41.2,1.9,126101,40.2,5.1,2024,13.1,13.7,0.9,0.0015067287333169442
06081,18.9,41.5,2.8,394856,54.9,4.0,2024,7.1,9.5,9.8,0.0007091192738618636
06083,17.4,34.8,2.6,201472,38.6,6.5,2024,16.3,12.0,7.3,0.0012905019059720458
06085,15.6,38.3,3.4,996180,57.3,5.2,2024,7.0,9.3,11.4,0.0003413037804412857
06087,20.4,40.5,2.0,122678,44.1,5.5,2024,11.8,13.2,5.6,0.0016302841585288316
06089,22.2,41.8,2.1,78097,25.0,5.0,2024,14.7,17.6,1.3,0.0026889637245988965
06095,18.5,39.7,2.8,204889,29.7,6.8,2024,10.2,14.3,5.3,0.0013665936189839376
06097,23.0,43.4,2.2,239045,40.1,5.1,2024,8.2,13.6,4.3,0.0009203288083833589
06099,14.4,35.2,1.9,235076,19.7,8.3,2024,14.2,13.6,7.6,0.0008082492470520172
06101,18.3,39.3,,43072,23.0,5.0,2024,11.5,17.5,8.7,
06103,20.2,39.8,,26995,15.0,6.5,2024,21.6,16.9,,
06107,12.4,32.4,2.2,199216,18.3,10.3,2024,20.3,14.0,7.6,0.001104328969560678
06111,18.6,40.2,1.8,410969,37.6,5.2,2024,9.3,11.9,5.1,0.00043798924006433577
06113,13.9,32.1,4.8,101102,46.8,9.2,2024,18.2,13.9,6.5,0.004747680560226306
06115,13.4,34.8,,38214,18.7,5.7,2024,10.4,17.4,3.9,
