year,county_name,ed_admissions,ed_visits,ed_facility_count,ed_admit_rate,ed_visits_per_facility,county_clean,fips5
2012,ALAMEDA,74677.0,507142.0,13,0.1472506714095854,39010.92307692308,ALAMEDA,06001
2012,AMADOR,1720.0,16815.0,1,0.1022896223609872,16815.0,AMADOR,06005
2012,BUTTE,22079.0,82260.0,4,0.2684050571359105,20565.0,BUTTE,06007
2012,CALAVERAS,1125.0,7650.0,1,0.1470588235294117,7650.0,CALAVERAS,06009
2012,COLUSA,604.0,5323.0,1,0.1134698478301709,5323.0,COLUSA,06011
2012,CONTRA COSTA,49599.0,313870.0,8,0.1580240226845509,39233.75,CONTRA COSTA,06013
2012,DEL NORTE,1725.0,19764.0,1,0.0872799028536733,19764.0,DEL NORTE,06015
2012,EL DORADO,5521.0,36786.0,2,0.1500842711901266,18393.0,EL DORADO,06017
2012,FRESNO,46222.0,209217.0,6,0.2209285096335383,34869.5,FRESNO,06019
2012,GLENN,296.0,5174.0,1,0.0572091225357557,5174.0,GLENN,06021
2012,HUMBOLDT,5970.0,48397.0,4,0.1233547533938054,12099.25,HUMBOLDT,06023
2012,IMPERIAL,7492.0,81149.0,2,0.092323996598849,40574.5,IMPERIAL,06025
2012,INYO,562.0,8851.0,2,0.0634956502090159,4425.5,INYO,06027
2012,KERN,40022.0,276347.0,9,0.144825165462263,30705.222222222223,KERN,06029
2012,KINGS,8850.0,101763.0,2,0.0869667757436396,50881.5,KINGS,06031
2012,LAKE,2529.0,33566.0,2,0.0753440981946016,16783.0,LAKE,06033
2012,LASSEN,885.0,9149.0,1,0.0967318832659307,9149.0,LASSEN,06035
2012,LOS ANGELES,545157.0,2618984.0,79,0.2081559108417615,33151.696202531646,LOS ANGELES,06037
2012,MADERA,10301.0,113956.0,2,0.0903945382428305,56978.0,MADERA,06039
2012,MARIN,10562.0,63290.0,3,0.1668826038868699,21096.666666666668,MARIN,06041
2012,MARIPOSA,138.0,5044.0,1,0.0273592386994448,5044.0,MARIPOSA,06043
2012,MENDOCINO,4004.0,39108.0,3,0.1023831441137363,13036.0,MENDOCINO,06045
2012,MERCED,6511.0,81049.0,2,0.0803341188663648,40524.5,MERCED,06047
2012,MODOC,169.0,4203.0,2,0.0402093742564834,2101.5,MODOC,06049
2012,MONO,362.0,7371.0,1,0.0491113824447157,7371.0,MONO,06051
2012,MONTEREY,17601.0,127904.0,4,0.1376110207655742,31976.0,MONTEREY,06053
2012,NAPA,5835.0,30894.0,2,0.1888716255583608,15447.0,NAPA,06055
2012,NEVADA,4895.0,35146.0,2,0.1392761622944289,17573.0,NEVADA,06057
2012,ORANGE,145683.0,695937.0,25,0.2093336034727281,27837.48,ORANGE,06059
2012,PLACER,23316.0,152064.0,3,0.1533301767676767,50688.0,PLACER,06061
2012,PLUMAS,657.0,9149.0,3,0.0718111268991146,3049.6666666666665,PLUMAS,06063
2012,RIVERSIDE,98725.0,604872.0,15,0.1632163499054345,40324.8,RIVERSIDE,06065
2012,SACRAMENTO,70556.0,432372.0,9,0.1631835549017975,48041.333333333336,SACRAMENTO,06067
2012,SAN BENITO,1462.0,14548.0,1,0.1004949133901567,14548.0,SAN BENITO,06069
2012,SAN BERNARDINO,113116.0,696514.0,18,0.1624030529178164,38695.22222222222,SAN BERNARDINO,06071
2012,SAN DIEGO,150671.0,725534.0,17,0.2076691099245521,42678.470588235294,SAN DIEGO,06073
2012,SAN FRANCISCO,43184.0,214521.0,9,0.201304301210604,23835.666666666668,SAN FRANCISCO,06075
2012,SAN JOAQUIN,30956.0,248430.0,7,0.1246065290021334,35490.0,SAN JOAQUIN,06077
2012,SAN LUIS OBISPO,10131.0,72009.0,4,0.1406907469899596,18002.25,SAN LUIS OBISPO,06079
2012,SAN MATEO,25582.0,170508.0,8,0.1500340159992493,21313.5,SAN MATEO,06081
2012,SANTA BARBARA,16278.0,123293.0,5,0.1320269601680549,24658.6,SANTA BARBARA,06083
2012,SANTA CLARA,70566.0,412489.0,9,0.1710736528731675,45832.11111111111,SANTA CLARA,06085
2012,SANTA CRUZ,9711.0,60034.0,2,0.1617583369423993,30017.0,SANTA CRUZ,06087
2012,SHASTA,13134.0,76488.0,3,0.1717132099152808,25496.0,SHASTA,06089
2012,SISKIYOU,1692.0,19072.0,2,0.0887164429530201,9536.0,SISKIYOU,06093
2012,SOLANO,17307.0,158378.0,4,0.1092765409337155,39594.5,SOLANO,06095
2012,SONOMA,18601.0,127392.0,7,0.1460138784225069,18198.85714285714,SONOMA,06097
2012,STANISLAUS,31297.0,197981.0,4,0.1580808259378425,49495.25,STANISLAUS,06099
2012,TEHAMA,1787.0,28322.0,1,0.0630958265659204,28322.0,TEHAMA,06103
2012,TRINITY,319.0,3794.0,1,0.0840801265155508,3794.0,TRINITY,06105
2012,TULARE,19061.0,130603.0,3,0.1459461114982045,43534.333333333336,TULARE,06107
2012,TUOLUMNE,3296.0,22945.0,1,0.1436478535628677,22945.0,TUOLUMNE,06109
2012,VENTURA,32685.0,201776.0,7,0.1619865593529458,28825.14285714286,VENTURA,06111
2012,YOLO,3506.0,39021.0,2,0.0898490556367084,19510.5,YOLO,06113
2012,YUBA,8808.0,41125.0,1,0.214176291793313,41125.0,YUBA,06115
2013,ALAMEDA,72003.0,504912.0,12,0.1426050480083658,42076.0,ALAMEDA,06001
2013,AMADOR,1834.0,17696.0,1,0.1036392405063291,17696.0,AMADOR,06005
2013,BUTTE,22993.0,87632.0,4,0.2623813218915464,21908.0,BUTTE,06007
2013,CALAVERAS,1106.0,8584.0,1,0.1288443616029823,8584.0,CALAVERAS,06009
2013,COLUSA,536.0,5623.0,1,0.0953227814333985,5623.0,COLUSA,06011
2013,CONTRA COSTA,48907.0,312112.0,8,0.1566969549392525,39014.0,CONTRA COSTA,06013
2013,DEL NORTE,1852.0,18660.0,1,0.0992497320471597,18660.0,DEL NORTE,06015
2013,EL DORADO,5363.0,39427.0,2,0.1360235371699596,19713.5,EL DORADO,06017
2013,FRESNO,46413.0,234516.0,6,0.1979097375019188,39086.0,FRESNO,06019
2013,GLENN,166.0,5130.0,1,0.0323586744639376,5130.0,GLENN,06021
2013,HUMBOLDT,6254.0,56312.0,4,0.11105980963205,14078.0,HUMBOLDT,06023
2013,IMPERIAL,6438.0,84254.0,2,0.0764118024070073,42127.0,IMPERIAL,06025
2013,INYO,488.0,8420.0,2,0.0579572446555819,4210.0,INYO,06027
2013,KERN,39535.0,286768.0,9,0.1378640573564693,31863.11111111111,KERN,06029
2013,KINGS,7624.0,101427.0,2,0.075167361747858,50713.5,KINGS,06031
2013,LAKE,2479.0,34458.0,2,0.0719426548261651,17229.0,LAKE,06033
2013,LASSEN,815.0,9416.0,1,0.086554800339847,9416.0,LASSEN,06035
2013,LOS ANGELES,524728.0,2688195.0,77,0.1951971490163474,34911.62337662338,LOS ANGELES,06037
2013,MADERA,9715.0,121704.0,2,0.0798248208768816,60852.0,MADERA,06039
2013,MARIN,10315.0,67042.0,3,0.1538587750962083,22347.333333333332,MARIN,06041
2013,MARIPOSA,128.0,4919.0,1,0.0260215490953445,4919.0,MARIPOSA,06043
2013,MENDOCINO,3891.0,39025.0,3,0.0997053171044202,13008.333333333334,MENDOCINO,06045
2013,MERCED,6636.0,82662.0,2,0.0802787254119184,41331.0,MERCED,06047
2013,MODOC,188.0,4146.0,2,0.0453449107573564,2073.0,MODOC,06049
2013,MONO,407.0,7809.0,1,0.0521193494685619,7809.0,MONO,06051
2013,MONTEREY,17638.0,133477.0,4,0.1321426163309034,33369.25,MONTEREY,06053
2013,NAPA,5656.0,31783.0,2,0.1779567693421011,15891.5,NAPA,06055
2013,NEVADA,4781.0,36578.0,2,0.1307069823391109,18289.0,NEVADA,06057
2013,ORANGE,141828.0,719430.0,25,0.1971394020266044,28777.2,ORANGE,06059
2013,PLACER,23106.0,156932.0,3,0.1472357454183978,52310.666666666664,PLACER,06061
2013,PLUMAS,628.0,8819.0,3,0.0712098877423744,2939.6666666666665,PLUMAS,06063
2013,RIVERSIDE,102554.0,629511.0,16,0.1629105766221718,39344.4375,RIVERSIDE,06065
2013,SACRAMENTO,74245.0,444491.0,10,0.1670337532143508,44449.1,SACRAMENTO,06067
2013,SAN BENITO,1470.0,14575.0,1,0.1008576329331046,14575.0,SAN BENITO,06069
2013,SAN BERNARDINO,114398.0,702340.0,17,0.1628812256172224,41314.117647058825,SAN BERNARDINO,06071
2013,SAN DIEGO,151838.0,757919.0,18,0.2003353920405742,42106.61111111111,SAN DIEGO,06073
2013,SAN FRANCISCO,43954.0,215399.0,9,0.2040585146634849,23933.222222222223,SAN FRANCISCO,06075
2013,SAN JOAQUIN,31880.0,256605.0,7,0.1242376415112721,36657.857142857145,SAN JOAQUIN,06077
2013,SAN LUIS OBISPO,9711.0,71728.0,4,0.1353864599598483,17932.0,SAN LUIS OBISPO,06079
2013,SAN MATEO,25671.0,171524.0,7,0.149664186935939,24503.428571428572,SAN MATEO,06081
2013,SANTA BARBARA,16387.0,130600.0,5,0.1254747320061255,26120.0,SANTA BARBARA,06083
2013,SANTA CLARA,73857.0,442205.0,9,0.167019821123687,49133.88888888889,SANTA CLARA,06085
2013,SANTA CRUZ,9903.0,60815.0,3,0.1628381155964811,20271.666666666668,SANTA CRUZ,06087
2013,SHASTA,13093.0,79399.0,3,0.1649013211753296,26466.333333333332,SHASTA,06089
2013,SISKIYOU,1887.0,19092.0,2,0.0988372093023255,9546.0,SISKIYOU,06093
2013,SOLANO,17458.0,163991.0,4,0.1064570616680183,40997.75,SOLANO,06095
2013,SONOMA,17992.0,131815.0,7,0.1364943291734628,18830.714285714286,SONOMA,06097
2013,STANISLAUS,31440.0,205287.0,4,0.1531514416402402,51321.75,STANISLAUS,06099
2013,TEHAMA,1763.0,27384.0,1,0.0643806602395559,27384.0,TEHAMA,06103
2013,TRINITY,359.0,4056.0,1,0.0885108481262327,4056.0,TRINITY,06105
2013,TULARE,17948.0,133446.0,3,0.1344963505837567,44482.0,TULARE,06107
2013,TUOLUMNE,3469.0,23653.0,1,0.1466621570202511,23653.0,TUOLUMNE,06109
2013,VENTURA,32350.0,207955.0,7,0.1555625015027289,29707.85714285714,VENTURA,06111
2013,YOLO,3385.0,41134.0,2,0.0822920211990081,20567.0,YOLO,06113
2013,YUBA,8576.0,45093.0,1,0.1901847293371476,45093.0,YUBA,06115
2014,ALAMEDA,70674.0,525820.0,16,0.1344072115933209,32863.75,ALAMEDA,06001
2014,AMADOR,1826.0,18813.0,1,0.0970605432413756,18813.0,AMADOR,06005
2014,BUTTE,23846.0,88953.0,4,0.2680741515182175,22238.25,BUTTE,06007
2014,CALAVERAS,1019.0,9744.0,1,0.1045771756978653,9744.0,CALAVERAS,06009
2014,COLUSA,497.0,6489.0,1,0.0765911542610571,6489.0,COLUSA,06011
2014,CONTRA COSTA,46861.0,317168.0,8,0.1477481965393734,39646.0,CONTRA COSTA,06013
2014,DEL NORTE,1719.0,17871.0,1,0.0961893570589222,17871.0,DEL NORTE,06015
2014,EL DORADO,5036.0,41326.0,2,0.1218603300585587,20663.0,EL DORADO,06017
2014,FRESNO,45465.0,253959.0,6,0.1790249607220063,42326.5,FRESNO,06019
2014,GLENN,228.0,4895.0,1,0.0465781409601634,4895.0,GLENN,06021
2014,HUMBOLDT,6870.0,55033.0,4,0.124834190394854,13758.25,HUMBOLDT,06023
2014,IMPERIAL,5655.0,87515.0,2,0.064617494143861,43757.5,IMPERIAL,06025
2014,INYO,549.0,8869.0,2,0.0619010034953207,4434.5,INYO,06027
2014,KERN,39600.0,304854.0,9,0.1298982463736739,33872.666666666664,KERN,06029
2014,KINGS,7172.0,106237.0,1,0.0675094364486948,106237.0,KINGS,06031
2014,LAKE,2048.0,36077.0,2,0.0567674695789561,18038.5,LAKE,06033
2014,LASSEN,863.0,9770.0,1,0.0883316274309109,9770.0,LASSEN,06035
2014,LOS ANGELES,524807.0,2827486.0,75,0.185609053413527,37699.81333333333,LOS ANGELES,06037
2014,MADERA,10294.0,130627.0,2,0.078804535050181,65313.5,MADERA,06039
2014,MARIN,9094.0,66027.0,3,0.1377315340693958,22009.0,MARIN,06041
2014,MARIPOSA,153.0,5412.0,1,0.028270509977827,5412.0,MARIPOSA,06043
2014,MENDOCINO,3752.0,39099.0,3,0.0959615335430573,13033.0,MENDOCINO,06045
2014,MERCED,6519.0,89719.0,2,0.0726601946076082,44859.5,MERCED,06047
2014,MODOC,144.0,4169.0,2,0.0345406572319501,2084.5,MODOC,06049
2014,MONO,287.0,7457.0,1,0.0384873273434357,7457.0,MONO,06051
2014,MONTEREY,16716.0,143595.0,4,0.1164107385354643,35898.75,MONTEREY,06053
2014,NAPA,5119.0,32154.0,2,0.159202587547428,16077.0,NAPA,06055
2014,NEVADA,4785.0,38509.0,2,0.1242566672725856,19254.5,NEVADA,06057
2014,ORANGE,140815.0,771714.0,24,0.1824704488968711,32154.75,ORANGE,06059
2014,PLACER,21738.0,168392.0,3,0.1290916433084707,56130.666666666664,PLACER,06061
2014,PLUMAS,625.0,9547.0,3,0.0654655912852204,3182.3333333333335,PLUMAS,06063
2014,RIVERSIDE,105349.0,678504.0,16,0.1552665864902786,42406.5,RIVERSIDE,06065
2014,SACRAMENTO,77601.0,490194.0,9,0.1583067112204556,54466.0,SACRAMENTO,06067
2014,SAN BENITO,1415.0,15386.0,1,0.0919667229949304,15386.0,SAN BENITO,06069
2014,SAN BERNARDINO,113815.0,729269.0,18,0.156067239934784,40514.944444444445,SAN BERNARDINO,06071
2014,SAN DIEGO,151471.0,813785.0,17,0.1861314720718617,47869.705882352944,SAN DIEGO,06073
2014,SAN FRANCISCO,43280.0,224842.0,9,0.1924907268215013,24982.444444444445,SAN FRANCISCO,06075
2014,SAN JOAQUIN,34269.0,277254.0,7,0.123601462918479,39607.71428571428,SAN JOAQUIN,06077
2014,SAN LUIS OBISPO,9454.0,85936.0,4,0.1100121020294172,21484.0,SAN LUIS OBISPO,06079
2014,SAN MATEO,24178.0,177233.0,8,0.1364192898613689,22154.125,SAN MATEO,06081
2014,SANTA BARBARA,16912.0,145899.0,5,0.1159158047690525,29179.8,SANTA BARBARA,06083
2014,SANTA CLARA,74643.0,470798.0,10,0.1585457032527751,47079.8,SANTA CLARA,06085
2014,SANTA CRUZ,10032.0,65733.0,3,0.1526174067819816,21911.0,SANTA CRUZ,06087
2014,SHASTA,13133.0,88676.0,3,0.1481009517795119,29558.666666666668,SHASTA,06089
2014,SISKIYOU,1524.0,20401.0,2,0.0747022204793882,10200.5,SISKIYOU,06093
2014,SOLANO,17424.0,177342.0,4,0.0982508373650911,44335.5,SOLANO,06095
2014,SONOMA,18236.0,140350.0,8,0.1299323120769504,17543.75,SONOMA,06097
2014,STANISLAUS,31832.0,224973.0,4,0.1414925346597147,56243.25,STANISLAUS,06099
2014,TEHAMA,1907.0,28433.0,1,0.0670699539267752,28433.0,TEHAMA,06103
2014,TRINITY,334.0,4371.0,1,0.0764127202013269,4371.0,TRINITY,06105
2014,TULARE,17852.0,137736.0,3,0.1296102689202532,45912.0,TULARE,06107
2014,TUOLUMNE,3546.0,27552.0,1,0.1287020905923345,27552.0,TUOLUMNE,06109
2014,VENTURA,32948.0,221163.0,7,0.1489760945546949,31594.714285714286,VENTURA,06111
2014,YOLO,3429.0,43606.0,2,0.0786359675274044,21803.0,YOLO,06113
2014,YUBA,7876.0,45814.0,1,0.171912515824857,45814.0,YUBA,06115
2015,ALAMEDA,72626.0,565970.0,13,0.128321289114264,43536.15384615384,ALAMEDA,06001
2015,AMADOR,1943.0,20422.0,1,0.0951424933894819,20422.0,AMADOR,06005
2015,BUTTE,24719.0,101574.0,4,0.2433595211372989,25393.5,BUTTE,06007
2015,CALAVERAS,874.0,11272.0,1,0.0775372604684173,11272.0,CALAVERAS,06009
2015,COLUSA,440.0,6907.0,1,0.063703489213841,6907.0,COLUSA,06011
2015,CONTRA COSTA,47845.0,319015.0,8,0.149977273795903,39876.875,CONTRA COSTA,06013
2015,DEL NORTE,1634.0,19258.0,1,0.0848478554367016,19258.0,DEL NORTE,06015
2015,EL DORADO,5383.0,43574.0,2,0.1235369715885619,21787.0,EL DORADO,06017
2015,FRESNO,47757.0,278770.0,6,0.1713132690031208,46461.666666666664,FRESNO,06019
2015,GLENN,206.0,5588.0,1,0.0368647100930565,5588.0,GLENN,06021
2015,HUMBOLDT,6668.0,58277.0,4,0.114419067556669,14569.25,HUMBOLDT,06023
2015,IMPERIAL,6462.0,90727.0,2,0.0712246629999889,45363.5,IMPERIAL,06025
2015,INYO,635.0,9362.0,2,0.0678273873104037,4681.0,INYO,06027
2015,KERN,37951.0,318630.0,9,0.1191068009917459,35403.333333333336,KERN,06029
2015,KINGS,7351.0,114601.0,2,0.0641442919346253,57300.5,KINGS,06031
2015,LAKE,2272.0,38870.0,2,0.0584512477489066,19435.0,LAKE,06033
2015,LASSEN,790.0,10917.0,1,0.0723642026197673,10917.0,LASSEN,06035
2015,LOS ANGELES,544261.0,3010220.0,76,0.1808043930343961,39608.15789473684,LOS ANGELES,06037
2015,MADERA,10985.0,149922.0,2,0.0732714344792625,74961.0,MADERA,06039
2015,MARIN,9440.0,68929.0,3,0.1369525163574112,22976.333333333332,MARIN,06041
2015,MARIPOSA,159.0,5844.0,1,0.0272073921971252,5844.0,MARIPOSA,06043
2015,MENDOCINO,3528.0,46394.0,4,0.0760443160753545,11598.5,MENDOCINO,06045
2015,MERCED,7461.0,97736.0,2,0.0763382990914299,48868.0,MERCED,06047
2015,MODOC,163.0,4670.0,2,0.0349036402569593,2335.0,MODOC,06049
2015,MONO,319.0,8149.0,1,0.0391459074733096,8149.0,MONO,06051
2015,MONTEREY,18856.0,157135.0,4,0.1199987272090877,39283.75,MONTEREY,06053
2015,NAPA,4731.0,34733.0,2,0.136210520254513,17366.5,NAPA,06055
2015,NEVADA,4814.0,39114.0,2,0.1230761364217415,19557.0,NEVADA,06057
2015,ORANGE,149975.0,815438.0,24,0.1839195622475283,33976.583333333336,ORANGE,06059
2015,PLACER,22766.0,176873.0,3,0.1287138229124852,58957.666666666664,PLACER,06061
2015,PLUMAS,672.0,10256.0,3,0.0655226209048362,3418.6666666666665,PLUMAS,06063
2015,RIVERSIDE,112504.0,743201.0,16,0.1513776219353849,46450.0625,RIVERSIDE,06065
2015,SACRAMENTO,77975.0,536549.0,9,0.1453268946545422,59616.555555555555,SACRAMENTO,06067
2015,SAN BENITO,1303.0,17156.0,1,0.0759501049195616,17156.0,SAN BENITO,06069
2015,SAN BERNARDINO,109096.0,762508.0,17,0.143075220194411,44853.41176470588,SAN BERNARDINO,06071
2015,SAN DIEGO,156323.0,857147.0,17,0.182375951849566,50420.41176470588,SAN DIEGO,06073
2015,SAN FRANCISCO,45126.0,245771.0,9,0.1836099458438953,27307.88888888889,SAN FRANCISCO,06075
2015,SAN JOAQUIN,37846.0,306002.0,7,0.1236789302030705,43714.57142857143,SAN JOAQUIN,06077
2015,SAN LUIS OBISPO,9770.0,95697.0,4,0.1020930645683772,23924.25,SAN LUIS OBISPO,06079
2015,SAN MATEO,24604.0,187617.0,7,0.1311395022839081,26802.428571428572,SAN MATEO,06081
2015,SANTA BARBARA,17817.0,159228.0,5,0.1118961489185319,31845.6,SANTA BARBARA,06083
2015,SANTA CLARA,80305.0,499681.0,9,0.1607125345970729,55520.11111111111,SANTA CLARA,06085
2015,SANTA CRUZ,10702.0,72680.0,2,0.1472482113373693,36340.0,SANTA CRUZ,06087
2015,SHASTA,13273.0,94383.0,3,0.1406291387220156,31461.0,SHASTA,06089
2015,SISKIYOU,1651.0,21350.0,2,0.0773302107728337,10675.0,SISKIYOU,06093
2015,SOLANO,18085.0,191177.0,4,0.0945981995742165,47794.25,SOLANO,06095
2015,SONOMA,18969.0,152098.0,7,0.1247156438611947,21728.285714285714,SONOMA,06097
2015,STANISLAUS,33538.0,239370.0,4,0.140109453983373,59842.5,STANISLAUS,06099
2015,TEHAMA,1921.0,30568.0,1,0.0628434964668934,30568.0,TEHAMA,06103
2015,TRINITY,307.0,5048.0,1,0.0608161648177496,5048.0,TRINITY,06105
2015,TULARE,19472.0,144199.0,3,0.1350356105104751,48066.333333333336,TULARE,06107
2015,TUOLUMNE,3397.0,30146.0,1,0.1126849333244875,30146.0,TUOLUMNE,06109
2015,VENTURA,36038.0,237117.0,7,0.1519840416334552,33873.857142857145,VENTURA,06111
2015,YOLO,4123.0,47730.0,2,0.086381730567777,23865.0,YOLO,06113
2015,YUBA,7543.0,52146.0,1,0.1446515552487247,52146.0,YUBA,06115
2016,ALAMEDA,73192.0,574350.0,13,0.1274344911639244,44180.769230769234,ALAMEDA,06001
2016,AMADOR,1860.0,22002.0,1,0.0845377692937005,22002.0,AMADOR,06005
2016,BUTTE,25763.0,105393.0,4,0.2444469746567608,26348.25,BUTTE,06007
2016,CALAVERAS,845.0,12469.0,1,0.0677680648007057,12469.0,CALAVERAS,06009
2016,COLUSA,86.0,2118.0,1,0.040604343720491,2118.0,COLUSA,06011
2016,CONTRA COSTA,43877.0,316931.0,7,0.1384433835756048,45275.857142857145,CONTRA COSTA,06013
2016,DEL NORTE,1632.0,19705.0,1,0.0828216188784572,19705.0,DEL NORTE,06015
2016,EL DORADO,5359.0,43225.0,2,0.1239791787160208,21612.5,EL DORADO,06017
2016,FRESNO,49502.0,276939.0,6,0.1787469442729265,46156.5,FRESNO,06019
2016,GLENN,203.0,6520.0,1,0.0311349693251533,6520.0,GLENN,06021
2016,HUMBOLDT,7212.0,59770.0,4,0.1206625397356533,14942.5,HUMBOLDT,06023
2016,IMPERIAL,6629.0,90303.0,2,0.0734084138954409,45151.5,IMPERIAL,06025
2016,INYO,617.0,10426.0,2,0.0591789756378285,5213.0,INYO,06027
2016,KERN,38206.0,329727.0,10,0.1158716150027143,32972.7,KERN,06029
2016,KINGS,7410.0,117483.0,1,0.0630729552360767,117483.0,KINGS,06031
2016,LAKE,2404.0,39850.0,2,0.0603262233375156,19925.0,LAKE,06033
2016,LASSEN,633.0,11289.0,1,0.0560722827531225,11289.0,LASSEN,06035
2016,LOS ANGELES,544427.0,3136727.0,78,0.1735653118680714,40214.44871794872,LOS ANGELES,06037
2016,MADERA,10225.0,151155.0,2,0.0676457940524627,75577.5,MADERA,06039
2016,MARIN,9644.0,68982.0,3,0.1398045867037778,22994.0,MARIN,06041
2016,MARIPOSA,139.0,6036.0,1,0.0230284956925115,6036.0,MARIPOSA,06043
2016,MENDOCINO,3430.0,49784.0,3,0.0688976377952756,16594.666666666668,MENDOCINO,06045
2016,MERCED,9024.0,95043.0,2,0.0949464979009501,47521.5,MERCED,06047
2016,MODOC,146.0,4450.0,2,0.0328089887640449,2225.0,MODOC,06049
2016,MONO,400.0,9153.0,1,0.0437015186277723,9153.0,MONO,06051
2016,MONTEREY,20665.0,155688.0,4,0.1327334155490468,38922.0,MONTEREY,06053
2016,NAPA,5155.0,33307.0,2,0.1547722700933737,16653.5,NAPA,06055
2016,NEVADA,4862.0,39879.0,2,0.1219188043832593,19939.5,NEVADA,06057
2016,ORANGE,152402.0,832740.0,25,0.1830127050459927,33309.6,ORANGE,06059
2016,PLACER,25633.0,186690.0,3,0.1373024800471369,62230.0,PLACER,06061
2016,PLUMAS,644.0,11286.0,3,0.0570618465355307,3762.0,PLUMAS,06063
2016,RIVERSIDE,114094.0,777343.0,16,0.1467743325661902,48583.9375,RIVERSIDE,06065
2016,SACRAMENTO,77495.0,548237.0,8,0.1413531009399219,68529.625,SACRAMENTO,06067
2016,SAN BENITO,1386.0,18314.0,1,0.0756798077973135,18314.0,SAN BENITO,06069
2016,SAN BERNARDINO,112434.0,774930.0,17,0.1450892338662847,45584.117647058825,SAN BERNARDINO,06071
2016,SAN DIEGO,156633.0,858361.0,15,0.1824791666909377,57224.066666666666,SAN DIEGO,06073
2016,SAN FRANCISCO,45121.0,247249.0,9,0.1824921435475977,27472.11111111111,SAN FRANCISCO,06075
2016,SAN JOAQUIN,38581.0,326636.0,7,0.1181161904995162,46662.28571428572,SAN JOAQUIN,06077
2016,SAN LUIS OBISPO,9942.0,97041.0,4,0.102451541101184,24260.25,SAN LUIS OBISPO,06079
2016,SAN MATEO,23836.0,187877.0,7,0.1268702395716346,26839.571428571428,SAN MATEO,06081
2016,SANTA BARBARA,17475.0,158988.0,5,0.1099139557702468,31797.6,SANTA BARBARA,06083
2016,SANTA CLARA,81015.0,501310.0,9,0.1616065907322814,55701.11111111111,SANTA CLARA,06085
2016,SANTA CRUZ,10232.0,74329.0,2,0.1376582491355998,37164.5,SANTA CRUZ,06087
2016,SHASTA,14057.0,91683.0,3,0.1533217717570323,30561.0,SHASTA,06089
2016,SISKIYOU,1594.0,21673.0,2,0.0735477322013565,10836.5,SISKIYOU,06093
2016,SOLANO,19419.0,193186.0,4,0.1005197063969438,48296.5,SOLANO,06095
2016,SONOMA,19411.0,161368.0,7,0.1202902682068315,23052.571428571428,SONOMA,06097
2016,STANISLAUS,33066.0,242416.0,4,0.1364018876641805,60604.0,STANISLAUS,06099
2016,TEHAMA,2020.0,30473.0,1,0.0662881895448429,30473.0,TEHAMA,06103
2016,TRINITY,289.0,4586.0,1,0.0630178805058874,4586.0,TRINITY,06105
2016,TULARE,19973.0,137561.0,3,0.1451937685826651,45853.666666666664,TULARE,06107
2016,TUOLUMNE,3268.0,30120.0,1,0.1084993359893758,30120.0,TUOLUMNE,06109
2016,VENTURA,36947.0,233514.0,7,0.1582217768527797,33359.142857142855,VENTURA,06111
2016,YOLO,4451.0,49769.0,2,0.0894331812975949,24884.5,YOLO,06113
2016,YUBA,8021.0,58653.0,1,0.1367534482464665,58653.0,YUBA,06115
2017,ALAMEDA,74336.0,573109.0,13,0.1297065654177477,44085.307692307695,ALAMEDA,06001
2017,AMADOR,1887.0,21986.0,1,0.0858273446738833,21986.0,AMADOR,06005
2017,BUTTE,27124.0,105169.0,4,0.2579086993315521,26292.25,BUTTE,06007
2017,CALAVERAS,770.0,12196.0,1,0.0631354542472941,12196.0,CALAVERAS,06009
2017,COLUSA,34.0,0.0,1,inf,0.0,COLUSA,06011
2017,CONTRA COSTA,45835.0,317150.0,7,0.1445215197855904,45307.142857142855,CONTRA COSTA,06013
2017,DEL NORTE,1741.0,18575.0,1,0.0937281292059219,18575.0,DEL NORTE,06015
2017,EL DORADO,5146.0,41908.0,2,0.1227927841939486,20954.0,EL DORADO,06017
2017,FRESNO,55242.0,294700.0,7,0.1874516457414319,42100.0,FRESNO,06019
2017,GLENN,174.0,6361.0,1,0.0273541895928313,6361.0,GLENN,06021
2017,HUMBOLDT,7454.0,58374.0,4,0.1276938362969815,14593.5,HUMBOLDT,06023
2017,IMPERIAL,7081.0,90316.0,2,0.0784024978962753,45158.0,IMPERIAL,06025
2017,INYO,677.0,10731.0,2,0.0630882489982294,5365.5,INYO,06027
2017,KERN,39557.0,326912.0,9,0.1210019821848081,36323.555555555555,KERN,06029
2017,KINGS,6915.0,115620.0,1,0.0598079916969382,115620.0,KINGS,06031
2017,LAKE,2365.0,40404.0,2,0.0585338085338085,20202.0,LAKE,06033
2017,LASSEN,637.0,11020.0,1,0.0578039927404718,11020.0,LASSEN,06035
2017,LOS ANGELES,546072.0,3254483.0,79,0.1677907059277925,41195.987341772154,LOS ANGELES,06037
2017,MADERA,10146.0,145838.0,2,0.0695703451775257,72919.0,MADERA,06039
2017,MARIN,10491.0,69193.0,3,0.1516193834636451,23064.333333333332,MARIN,06041
2017,MARIPOSA,116.0,7000.0,1,0.0165714285714285,7000.0,MARIPOSA,06043
2017,MENDOCINO,3558.0,50748.0,3,0.0701111373847245,16916.0,MENDOCINO,06045
2017,MERCED,9631.0,95345.0,2,0.1010121139021448,47672.5,MERCED,06047
2017,MODOC,153.0,5036.0,2,0.0303812549642573,2518.0,MODOC,06049
2017,MONO,456.0,8538.0,1,0.0534082923401264,8538.0,MONO,06051
2017,MONTEREY,23584.0,159207.0,4,0.1481341900795819,39801.75,MONTEREY,06053
2017,NAPA,5261.0,32600.0,2,0.1613803680981595,16300.0,NAPA,06055
2017,NEVADA,4937.0,36534.0,2,0.1351343953577489,18267.0,NEVADA,06057
2017,ORANGE,153358.0,859619.0,25,0.178402292178279,34384.76,ORANGE,06059
2017,PLACER,26857.0,198677.0,3,0.1351792104773073,66225.66666666667,PLACER,06061
2017,PLUMAS,557.0,10973.0,3,0.0507609587168504,3657.6666666666665,PLUMAS,06063
2017,RIVERSIDE,117048.0,801110.0,16,0.1461072761543358,50069.375,RIVERSIDE,06065
2017,SACRAMENTO,81439.0,558204.0,8,0.1458946908298758,69775.5,SACRAMENTO,06067
2017,SAN BENITO,932.0,18873.0,1,0.0493827160493827,18873.0,SAN BENITO,06069
2017,SAN BERNARDINO,118132.0,784586.0,17,0.1505660310023375,46152.117647058825,SAN BERNARDINO,06071
2017,SAN DIEGO,156952.0,879825.0,16,0.1783900207427613,54989.0625,SAN DIEGO,06073
2017,SAN FRANCISCO,46870.0,251279.0,9,0.1865257343431006,27919.88888888889,SAN FRANCISCO,06075
2017,SAN JOAQUIN,41454.0,342004.0,7,0.1212091086653957,48857.71428571428,SAN JOAQUIN,06077
2017,SAN LUIS OBISPO,10516.0,98189.0,4,0.1070995732719551,24547.25,SAN LUIS OBISPO,06079
2017,SAN MATEO,24618.0,188536.0,7,0.1305745321848347,26933.714285714286,SAN MATEO,06081
2017,SANTA BARBARA,18692.0,158281.0,5,0.1180937699408014,31656.2,SANTA BARBARA,06083
2017,SANTA CLARA,84771.0,501262.0,10,0.1691151533529372,50126.2,SANTA CLARA,06085
2017,SANTA CRUZ,11251.0,73618.0,2,0.152829471053275,36809.0,SANTA CRUZ,06087
2017,SHASTA,14942.0,86228.0,3,0.1732847798858839,28742.666666666668,SHASTA,06089
2017,SISKIYOU,1531.0,20263.0,2,0.0755564329072694,10131.5,SISKIYOU,06093
2017,SOLANO,18561.0,195590.0,4,0.0948974896467099,48897.5,SOLANO,06095
2017,SONOMA,19400.0,160519.0,8,0.1208579669696422,20064.875,SONOMA,06097
2017,STANISLAUS,34418.0,244753.0,4,0.1406234040032195,61188.25,STANISLAUS,06099
2017,TEHAMA,1805.0,28984.0,1,0.0622757383383935,28984.0,TEHAMA,06103
2017,TRINITY,352.0,4543.0,1,0.0774818401937046,4543.0,TRINITY,06105
2017,TULARE,14479.0,129068.0,3,0.1121811758142994,43022.666666666664,TULARE,06107
2017,TUOLUMNE,3245.0,30950.0,1,0.1048465266558966,30950.0,TUOLUMNE,06109
2017,VENTURA,36051.0,235597.0,8,0.1530197752942524,29449.625,VENTURA,06111
2017,YOLO,4635.0,49305.0,2,0.0940066930331609,24652.5,YOLO,06113
2017,YUBA,8100.0,61857.0,1,0.1309471846355303,61857.0,YUBA,06115
2018,ALAMEDA,73500.0,566702.0,13,0.1296977953139392,43592.46153846154,ALAMEDA,06001
2018,AMADOR,1926.0,20806.0,1,0.0925694511198692,20806.0,AMADOR,06005
2018,BUTTE,28152.0,101262.0,4,0.2780114949339337,25315.5,BUTTE,06007
2018,CALAVERAS,768.0,10856.0,1,0.0707442888725129,10856.0,CALAVERAS,06009
2018,COLUSA,570.0,6308.0,1,0.0903614457831325,6308.0,COLUSA,06011
2018,CONTRA COSTA,45686.0,312575.0,7,0.146160121570823,44653.57142857143,CONTRA COSTA,06013
2018,DEL NORTE,1789.0,17334.0,1,0.1032075689396561,17334.0,DEL NORTE,06015
2018,EL DORADO,5431.0,44374.0,2,0.1223914905124622,22187.0,EL DORADO,06017
2018,FRESNO,56677.0,291371.0,6,0.1945183288659475,48561.833333333336,FRESNO,06019
2018,GLENN,171.0,5748.0,1,0.0297494780793319,5748.0,GLENN,06021
2018,HUMBOLDT,7341.0,54930.0,4,0.1336428181321682,13732.5,HUMBOLDT,06023
2018,IMPERIAL,7161.0,84262.0,2,0.0849849279627827,42131.0,IMPERIAL,06025
2018,INYO,680.0,10105.0,2,0.0672934190994557,5052.5,INYO,06027
2018,KERN,38670.0,332771.0,10,0.1162060395887862,33277.1,KERN,06029
2018,KINGS,6476.0,106876.0,1,0.0605935850892623,106876.0,KINGS,06031
2018,LAKE,2607.0,40316.0,2,0.0646641531898005,20158.0,LAKE,06033
2018,LASSEN,647.0,10325.0,1,0.0626634382566586,10325.0,LASSEN,06035
2018,LOS ANGELES,547210.0,3238050.0,80,0.1689936844705918,40475.625,LOS ANGELES,06037
2018,MADERA,10119.0,135995.0,2,0.0744071473215927,67997.5,MADERA,06039
2018,MARIN,10119.0,68284.0,3,0.1481899127174741,22761.333333333332,MARIN,06041
2018,MARIPOSA,251.0,6630.0,1,0.0378582202111613,6630.0,MARIPOSA,06043
2018,MENDOCINO,3963.0,50780.0,3,0.078042536431666,16926.666666666668,MENDOCINO,06045
2018,MERCED,9948.0,89511.0,2,0.1111371786707779,44755.5,MERCED,06047
2018,MODOC,174.0,5023.0,2,0.0346406529962174,2511.5,MODOC,06049
2018,MONO,403.0,10045.0,1,0.0401194624191139,10045.0,MONO,06051
2018,MONTEREY,21065.0,148464.0,4,0.1418862485181592,37116.0,MONTEREY,06053
2018,NAPA,5208.0,32246.0,2,0.1615084041431495,16123.0,NAPA,06055
2018,NEVADA,5117.0,34687.0,2,0.1475192435206273,17343.5,NEVADA,06057
2018,ORANGE,154945.0,840358.0,25,0.1843797524388415,33614.32,ORANGE,06059
2018,PLACER,27572.0,204456.0,3,0.1348554212153226,68152.0,PLACER,06061
2018,PLUMAS,665.0,11090.0,3,0.0599639314697926,3696.6666666666665,PLUMAS,06063
2018,RIVERSIDE,123468.0,788667.0,16,0.1565527656159063,49291.6875,RIVERSIDE,06065
2018,SACRAMENTO,80458.0,545956.0,8,0.1473708503982005,68244.5,SACRAMENTO,06067
2018,SAN BENITO,1319.0,18590.0,1,0.0709521247982786,18590.0,SAN BENITO,06069
2018,SAN BERNARDINO,122630.0,775904.0,18,0.1580479028333402,43105.77777777778,SAN BERNARDINO,06071
2018,SAN DIEGO,154304.0,858742.0,17,0.1796860989680253,50514.23529411765,SAN DIEGO,06073
2018,SAN FRANCISCO,47847.0,251320.0,10,0.190382778927264,25132.0,SAN FRANCISCO,06075
2018,SAN JOAQUIN,42070.0,334990.0,7,0.1255858383832353,47855.71428571428,SAN JOAQUIN,06077
2018,SAN LUIS OBISPO,10922.0,90535.0,4,0.1206384271276302,22633.75,SAN LUIS OBISPO,06079
2018,SAN MATEO,23670.0,185666.0,7,0.1274869927719668,26523.714285714286,SAN MATEO,06081
2018,SANTA BARBARA,19076.0,150414.0,5,0.1268233010225112,30082.8,SANTA BARBARA,06083
2018,SANTA CLARA,84970.0,492839.0,10,0.1724092452098961,49283.9,SANTA CLARA,06085
2018,SANTA CRUZ,10270.0,72476.0,2,0.1417020806887797,36238.0,SANTA CRUZ,06087
2018,SHASTA,15358.0,82912.0,3,0.1852325357005017,27637.333333333332,SHASTA,06089
2018,SISKIYOU,1455.0,20523.0,2,0.0708960678263411,10261.5,SISKIYOU,06093
2018,SOLANO,19299.0,194448.0,5,0.0992501851394717,38889.6,SOLANO,06095
2018,SONOMA,20187.0,160948.0,7,0.1254256033004448,22992.571428571428,SONOMA,06097
2018,STANISLAUS,34525.0,236829.0,4,0.145780288731532,59207.25,STANISLAUS,06099
2018,TEHAMA,2225.0,29694.0,1,0.0749309624840035,29694.0,TEHAMA,06103
2018,TRINITY,320.0,4302.0,1,0.0743840074384007,4302.0,TRINITY,06105
2018,TULARE,22474.0,100785.0,3,0.2229895321724463,33595.0,TULARE,06107
2018,TUOLUMNE,2906.0,30556.0,1,0.0951040712135096,30556.0,TUOLUMNE,06109
2018,VENTURA,36723.0,232468.0,7,0.1579701292220864,33209.71428571428,VENTURA,06111
2018,YOLO,4603.0,47620.0,2,0.0966610667786644,23810.0,YOLO,06113
2018,YUBA,8750.0,60709.0,1,0.1441301948640234,60709.0,YUBA,06115
2019,ALAMEDA,75633.0,565139.0,14,0.1338307920706233,40367.07142857143,ALAMEDA,06001
2019,AMADOR,1850.0,21488.0,1,0.0860945644080417,21488.0,AMADOR,06005
2019,BUTTE,27208.0,82269.0,3,0.3307199552686917,27423.0,BUTTE,06007
2019,CALAVERAS,827.0,10150.0,1,0.0814778325123152,10150.0,CALAVERAS,06009
2019,COLUSA,664.0,6163.0,1,0.1077397371410027,6163.0,COLUSA,06011
2019,CONTRA COSTA,45574.0,318180.0,7,0.1432333899050851,45454.28571428572,CONTRA COSTA,06013
2019,DEL NORTE,1879.0,17476.0,1,0.1075188830395971,17476.0,DEL NORTE,06015
2019,EL DORADO,5513.0,43560.0,2,0.1265610651974288,21780.0,EL DORADO,06017
2019,FRESNO,57108.0,295029.0,6,0.1935674120171237,49171.5,FRESNO,06019
2019,GLENN,117.0,5703.0,1,0.0205155181483429,5703.0,GLENN,06021
2019,HUMBOLDT,7634.0,54493.0,4,0.1400913878846824,13623.25,HUMBOLDT,06023
2019,IMPERIAL,7051.0,82847.0,2,0.0851086943401692,41423.5,IMPERIAL,06025
2019,INYO,717.0,9765.0,2,0.0734254992319508,4882.5,INYO,06027
2019,KERN,41770.0,340452.0,9,0.1226898358652614,37828.0,KERN,06029
2019,KINGS,6502.0,103066.0,1,0.0630857896881609,103066.0,KINGS,06031
2019,LAKE,2632.0,41105.0,2,0.0640311397640189,20552.5,LAKE,06033
2019,LASSEN,708.0,10562.0,1,0.067032758947169,10562.0,LASSEN,06035
2019,LOS ANGELES,551667.0,3283944.0,75,0.1679891618127471,43785.92,LOS ANGELES,06037
2019,MADERA,10153.0,131458.0,2,0.0772337933028039,65729.0,MADERA,06039
2019,MARIN,9776.0,71477.0,3,0.136771269079564,23825.666666666668,MARIN,06041
2019,MARIPOSA,295.0,6518.0,1,0.0452592819883399,6518.0,MARIPOSA,06043
2019,MENDOCINO,4009.0,53103.0,3,0.0754947931378641,17701.0,MENDOCINO,06045
2019,MERCED,8748.0,86558.0,2,0.1010651817278587,43279.0,MERCED,06047
2019,MODOC,249.0,5007.0,2,0.0497303774715398,2503.5,MODOC,06049
2019,MONO,478.0,10250.0,1,0.0466341463414634,10250.0,MONO,06051
2019,MONTEREY,26919.0,148870.0,4,0.1808221938604151,37217.5,MONTEREY,06053
2019,NAPA,5155.0,32471.0,2,0.1587570447476209,16235.5,NAPA,06055
2019,NEVADA,4911.0,35905.0,2,0.1367776075755465,17952.5,NEVADA,06057
2019,ORANGE,159848.0,860396.0,25,0.1857842202892621,34415.84,ORANGE,06059
2019,PLACER,28671.0,210491.0,3,0.1362100992441482,70163.66666666667,PLACER,06061
2019,PLUMAS,657.0,11105.0,3,0.0591625393966681,3701.6666666666665,PLUMAS,06063
2019,RIVERSIDE,125408.0,817173.0,16,0.1534656676126108,51073.3125,RIVERSIDE,06065
2019,SACRAMENTO,80574.0,559276.0,8,0.1440684027206603,69909.5,SACRAMENTO,06067
2019,SAN BENITO,1271.0,19320.0,1,0.0657867494824016,19320.0,SAN BENITO,06069
2019,SAN BERNARDINO,125588.0,803798.0,18,0.1562432352406948,44655.444444444445,SAN BERNARDINO,06071
2019,SAN DIEGO,157318.0,885977.0,16,0.1775644288734357,55373.5625,SAN DIEGO,06073
2019,SAN FRANCISCO,48252.0,244544.0,10,0.1973141847683852,24454.4,SAN FRANCISCO,06075
2019,SAN JOAQUIN,44923.0,343020.0,7,0.130963209142324,49002.857142857145,SAN JOAQUIN,06077
2019,SAN LUIS OBISPO,11220.0,92132.0,4,0.1217817913428559,23033.0,SAN LUIS OBISPO,06079
2019,SAN MATEO,23971.0,187974.0,7,0.127522955302329,26853.428571428572,SAN MATEO,06081
2019,SANTA BARBARA,20004.0,149192.0,6,0.1340822564212558,24865.333333333332,SANTA BARBARA,06083
2019,SANTA CLARA,86696.0,496423.0,10,0.1746413844644587,49642.3,SANTA CLARA,06085
2019,SANTA CRUZ,10138.0,72962.0,2,0.1389490419670513,36481.0,SANTA CRUZ,06087
2019,SHASTA,14792.0,81868.0,3,0.1806810963990814,27289.333333333332,SHASTA,06089
2019,SISKIYOU,1599.0,20344.0,2,0.0785981124655918,10172.0,SISKIYOU,06093
2019,SOLANO,20429.0,196819.0,4,0.1037958733658843,49204.75,SOLANO,06095
2019,SONOMA,20735.0,157137.0,6,0.1319549183196828,26189.5,SONOMA,06097
2019,STANISLAUS,35406.0,229979.0,4,0.1539531870301201,57494.75,STANISLAUS,06099
2019,TEHAMA,2346.0,29781.0,1,0.0787750579228367,29781.0,TEHAMA,06103
2019,TRINITY,94.0,3969.0,1,0.0236835474930713,3969.0,TRINITY,06105
2019,TULARE,25101.0,122281.0,3,0.2052731004816774,40760.333333333336,TULARE,06107
2019,TUOLUMNE,3223.0,30934.0,1,0.1041895648800672,30934.0,TUOLUMNE,06109
2019,VENTURA,38619.0,236920.0,7,0.1630043896673982,33845.71428571428,VENTURA,06111
2019,YOLO,4665.0,49101.0,2,0.0950082483045151,24550.5,YOLO,06113
2019,YUBA,9178.0,61386.0,1,0.1495129182549767,61386.0,YUBA,06115
2020,ALAMEDA,68314.0,433225.0,12,0.1576871140862138,36102.083333333336,ALAMEDA,06001
2020,AMADOR,1775.0,19628.0,1,0.0904320358671285,19628.0,AMADOR,06005
2020,BUTTE,24995.0,66698.0,3,0.3747488680320249,22232.666666666668,BUTTE,06007
2020,CALAVERAS,818.0,9347.0,1,0.0875147106023323,9347.0,CALAVERAS,06009
2020,COLUSA,494.0,4397.0,1,0.1123493290880145,4397.0,COLUSA,06011
2020,CONTRA COSTA,41038.0,245420.0,7,0.1672153858691223,35060.0,CONTRA COSTA,06013
2020,DEL NORTE,1364.0,13317.0,1,0.1024254712022227,13317.0,DEL NORTE,06015
2020,EL DORADO,4951.0,35169.0,2,0.1407773891779692,17584.5,EL DORADO,06017
2020,FRESNO,54840.0,247174.0,6,0.2218679958248035,41195.666666666664,FRESNO,06019
2020,GLENN,68.0,4539.0,1,0.0149812734082397,4539.0,GLENN,06021
2020,HUMBOLDT,6345.0,44958.0,4,0.141131722941412,11239.5,HUMBOLDT,06023
2020,IMPERIAL,6458.0,66257.0,2,0.0974689466773322,33128.5,IMPERIAL,06025
2020,INYO,624.0,7594.0,2,0.0821701343165657,3797.0,INYO,06027
2020,KERN,41233.0,272825.0,9,0.1511335104920736,30313.88888888889,KERN,06029
2020,KINGS,6547.0,81997.0,1,0.0798443845506542,81997.0,KINGS,06031
2020,LAKE,2252.0,32551.0,2,0.0691837424349482,16275.5,LAKE,06033
2020,LASSEN,556.0,9100.0,1,0.0610989010989011,9100.0,LASSEN,06035
2020,LOS ANGELES,498268.0,2418500.0,74,0.2060235683274757,32682.432432432433,LOS ANGELES,06037
2020,MADERA,8261.0,91305.0,2,0.0904769727835277,45652.5,MADERA,06039
2020,MARIN,8579.0,55431.0,3,0.1547689920802439,18477.0,MARIN,06041
2020,MARIPOSA,356.0,5385.0,1,0.0661095636025998,5385.0,MARIPOSA,06043
2020,MENDOCINO,3883.0,42718.0,3,0.0908984503019804,14239.333333333334,MENDOCINO,06045
2020,MERCED,8248.0,68792.0,2,0.1198976625188975,34396.0,MERCED,06047
2020,MODOC,218.0,4389.0,2,0.049669628616997,2194.5,MODOC,06049
2020,MONO,402.0,8087.0,1,0.0497094101644614,8087.0,MONO,06051
2020,MONTEREY,24233.0,119823.0,4,0.2022399706233361,29955.75,MONTEREY,06053
2020,NAPA,4284.0,24807.0,2,0.1726931914379006,12403.5,NAPA,06055
2020,NEVADA,4498.0,31533.0,2,0.1426442139980338,15766.5,NEVADA,06057
2020,ORANGE,145994.0,670188.0,25,0.2178403671805523,26807.52,ORANGE,06059
2020,PLACER,28317.0,172364.0,3,0.1642860458100299,57454.666666666664,PLACER,06061
2020,PLUMAS,439.0,8956.0,3,0.0490174184903975,2985.3333333333335,PLUMAS,06063
2020,RIVERSIDE,117636.0,634860.0,16,0.1852943956147812,39678.75,RIVERSIDE,06065
2020,SACRAMENTO,76201.0,444967.0,8,0.1712509017522647,55620.875,SACRAMENTO,06067
2020,SAN BENITO,1005.0,19823.0,1,0.0506986833476264,19823.0,SAN BENITO,06069
2020,SAN BERNARDINO,114897.0,654004.0,17,0.1756824117283686,38470.82352941176,SAN BERNARDINO,06071
2020,SAN DIEGO,156846.0,725342.0,15,0.2162373059880718,48356.13333333333,SAN DIEGO,06073
2020,SAN FRANCISCO,43254.0,178541.0,9,0.242263681731367,19837.88888888889,SAN FRANCISCO,06075
2020,SAN JOAQUIN,41491.0,291980.0,7,0.1421021987807384,41711.42857142857,SAN JOAQUIN,06077
2020,SAN LUIS OBISPO,10267.0,73533.0,4,0.1396243863299471,18383.25,SAN LUIS OBISPO,06079
2020,SAN MATEO,21049.0,139887.0,7,0.1504714519576515,19983.85714285714,SAN MATEO,06081
2020,SANTA BARBARA,18164.0,114490.0,5,0.1586514106035461,22898.0,SANTA BARBARA,06083
2020,SANTA CLARA,80253.0,395171.0,10,0.2030842344200358,39517.1,SANTA CLARA,06085
2020,SANTA CRUZ,8998.0,54840.0,2,0.1640773158278628,27420.0,SANTA CRUZ,06087
2020,SHASTA,14605.0,66521.0,3,0.2195547270786668,22173.666666666668,SHASTA,06089
2020,SISKIYOU,1515.0,17573.0,2,0.0862118021965515,8786.5,SISKIYOU,06093
2020,SOLANO,17877.0,155649.0,4,0.1148545766436019,38912.25,SOLANO,06095
2020,SONOMA,19423.0,125991.0,6,0.1541618052083085,20998.5,SONOMA,06097
2020,STANISLAUS,33923.0,187239.0,4,0.1811748620746746,46809.75,STANISLAUS,06099
2020,TEHAMA,2198.0,24230.0,1,0.0907139909203466,24230.0,TEHAMA,06103
2020,TRINITY,82.0,3535.0,1,0.0231966053748231,3535.0,TRINITY,06105
2020,TULARE,22680.0,100035.0,3,0.2267206477732793,33345.0,TULARE,06107
2020,TUOLUMNE,3094.0,27886.0,1,0.1109517320519257,27886.0,TUOLUMNE,06109
2020,VENTURA,35061.0,178757.0,8,0.1961377736256482,22344.625,VENTURA,06111
2020,YOLO,4192.0,40055.0,2,0.104656097865435,20027.5,YOLO,06113
2020,YUBA,8500.0,52468.0,1,0.1620035068994434,52468.0,YUBA,06115
2021,ALAMEDA,71220.0,458875.0,12,0.1552056660310542,38239.583333333336,ALAMEDA,06001
2021,AMADOR,1731.0,22161.0,1,0.078110193583322,22161.0,AMADOR,06005
2021,BUTTE,25387.0,68866.0,3,0.3686434525019603,22955.333333333332,BUTTE,06007
2021,CALAVERAS,835.0,9930.0,1,0.0840886203423967,9930.0,CALAVERAS,06009
2021,COLUSA,516.0,4359.0,1,0.1183757742601514,4359.0,COLUSA,06011
2021,CONTRA COSTA,44534.0,285033.0,7,0.1562415579950391,40719.0,CONTRA COSTA,06013
2021,DEL NORTE,1431.0,13440.0,1,0.1064732142857142,13440.0,DEL NORTE,06015
2021,EL DORADO,4938.0,39064.0,2,0.1264079459348761,19532.0,EL DORADO,06017
2021,FRESNO,60048.0,257450.0,6,0.2332414060982715,42908.333333333336,FRESNO,06019
2021,GLENN,169.0,5165.0,1,0.0327202323330106,5165.0,GLENN,06021
2021,HUMBOLDT,6230.0,47236.0,4,0.1318909306461173,11809.0,HUMBOLDT,06023
2021,IMPERIAL,7347.0,67136.0,2,0.1094345805529075,33568.0,IMPERIAL,06025
2021,INYO,618.0,8416.0,2,0.0734315589353612,4208.0,INYO,06027
2021,KERN,45516.0,297047.0,9,0.1532282770066689,33005.22222222222,KERN,06029
2021,KINGS,6949.0,80442.0,1,0.0863852216503816,80442.0,KINGS,06031
2021,LAKE,2251.0,34622.0,2,0.065016463520305,17311.0,LAKE,06033
2021,LASSEN,608.0,9633.0,1,0.0631163708086785,9633.0,LASSEN,06035
2021,LOS ANGELES,518856.0,2590102.0,74,0.2003226127774118,35001.37837837838,LOS ANGELES,06037
2021,MADERA,8669.0,102214.0,2,0.0848122566380339,51107.0,MADERA,06039
2021,MARIN,9494.0,64843.0,3,0.1464151874527705,21614.333333333332,MARIN,06041
2021,MARIPOSA,280.0,5610.0,1,0.0499108734402852,5610.0,MARIPOSA,06043
2021,MENDOCINO,3748.0,46569.0,3,0.0804827245592561,15523.0,MENDOCINO,06045
2021,MERCED,9128.0,74974.0,2,0.1217488729426201,37487.0,MERCED,06047
2021,MODOC,219.0,5214.0,2,0.0420023014959723,2607.0,MODOC,06049
2021,MONO,453.0,9416.0,1,0.0481096006796941,9416.0,MONO,06051
2021,MONTEREY,25319.0,131829.0,4,0.1920594102966722,32957.25,MONTEREY,06053
2021,NAPA,4752.0,27182.0,2,0.1748215730998454,13591.0,NAPA,06055
2021,NEVADA,4857.0,33599.0,2,0.1445578737462424,16799.5,NEVADA,06057
2021,ORANGE,151832.0,732468.0,25,0.2072882364826859,29298.72,ORANGE,06059
2021,PLACER,31761.0,202594.0,3,0.156771671421661,67531.33333333333,PLACER,06061
2021,PLUMAS,482.0,9459.0,3,0.050956760756951,3153.0,PLUMAS,06063
2021,RIVERSIDE,127842.0,700918.0,16,0.1823922341843125,43807.375,RIVERSIDE,06065
2021,SACRAMENTO,83474.0,481516.0,8,0.173356648584886,60189.5,SACRAMENTO,06067
2021,SAN BENITO,1557.0,19915.0,1,0.0781822746673361,19915.0,SAN BENITO,06069
2021,SAN BERNARDINO,120879.0,696651.0,18,0.1735144283148951,38702.833333333336,SAN BERNARDINO,06071
2021,SAN DIEGO,170452.0,813212.0,17,0.2096033998514532,47836.0,SAN DIEGO,06073
2021,SAN FRANCISCO,44986.0,187539.0,9,0.239875439241971,20837.666666666668,SAN FRANCISCO,06075
2021,SAN JOAQUIN,42689.0,317892.0,7,0.1342877455236369,45413.142857142855,SAN JOAQUIN,06077
2021,SAN LUIS OBISPO,11017.0,84392.0,4,0.1305455493411697,21098.0,SAN LUIS OBISPO,06079
2021,SAN MATEO,21711.0,151396.0,7,0.1434053739861026,21628.0,SAN MATEO,06081
2021,SANTA BARBARA,19754.0,126174.0,5,0.1565615736998113,25234.8,SANTA BARBARA,06083
2021,SANTA CLARA,86218.0,445900.0,9,0.193357254989908,49544.444444444445,SANTA CLARA,06085
2021,SANTA CRUZ,10208.0,58827.0,2,0.1735257619800431,29413.5,SANTA CRUZ,06087
2021,SHASTA,14644.0,69495.0,3,0.2107201956975322,23165.0,SHASTA,06089
2021,SISKIYOU,1682.0,18775.0,2,0.0895872170439414,9387.5,SISKIYOU,06093
2021,SOLANO,17746.0,173064.0,5,0.1025401007719687,34612.8,SOLANO,06095
2021,SONOMA,20331.0,137996.0,6,0.1473303574016638,22999.333333333332,SONOMA,06097
2021,STANISLAUS,36581.0,204343.0,4,0.1790176321185457,51085.75,STANISLAUS,06099
2021,TEHAMA,2509.0,26508.0,1,0.0946506714953976,26508.0,TEHAMA,06103
2021,TRINITY,132.0,4385.0,1,0.0301026225769669,4385.0,TRINITY,06105
2021,TULARE,20932.0,109967.0,3,0.1903480134949575,36655.666666666664,TULARE,06107
2021,TUOLUMNE,3240.0,29579.0,1,0.1095371716420433,29579.0,TUOLUMNE,06109
2021,VENTURA,39329.0,202452.0,7,0.194263331555134,28921.714285714286,VENTURA,06111
2021,YOLO,4630.0,46665.0,2,0.099217829208186,23332.5,YOLO,06113
2021,YUBA,9324.0,55341.0,1,0.1684826801105871,55341.0,YUBA,06115
2022,ALAMEDA,74506.0,525950.0,12,0.1416598535982507,43829.166666666664,ALAMEDA,06001
2022,AMADOR,1820.0,24996.0,1,0.0728116498639782,24996.0,AMADOR,06005
2022,BUTTE,23519.0,76030.0,3,0.3093384190451138,25343.333333333332,BUTTE,06007
2022,CALAVERAS,727.0,10190.0,1,0.0713444553483807,10190.0,CALAVERAS,06009
2022,COLUSA,441.0,5133.0,1,0.0859146697837521,5133.0,COLUSA,06011
2022,CONTRA COSTA,47386.0,329560.0,7,0.1437856535987377,47080.0,CONTRA COSTA,06013
2022,DEL NORTE,1565.0,16746.0,1,0.0934551534694852,16746.0,DEL NORTE,06015
2022,EL DORADO,4915.0,44162.0,2,0.1112947783161994,22081.0,EL DORADO,06017
2022,FRESNO,63499.0,296483.0,6,0.2141741685020726,49413.833333333336,FRESNO,06019
2022,GLENN,220.0,6404.0,1,0.0343535290443472,6404.0,GLENN,06021
2022,HUMBOLDT,6339.0,53712.0,4,0.1180183199285076,13428.0,HUMBOLDT,06023
2022,IMPERIAL,7387.0,76958.0,2,0.0959874217105434,38479.0,IMPERIAL,06025
2022,INYO,563.0,9969.0,2,0.0564750727254488,4984.5,INYO,06027
2022,KERN,42396.0,302646.0,9,0.1400844551059653,33627.333333333336,KERN,06029
2022,KINGS,5965.0,92128.0,1,0.0647468739145536,92128.0,KINGS,06031
2022,LAKE,2087.0,39002.0,2,0.0535100764063381,19501.0,LAKE,06033
2022,LASSEN,604.0,10145.0,1,0.0595367175948743,10145.0,LASSEN,06035
2022,LOS ANGELES,530435.0,2906065.0,74,0.1825268877330686,39271.14864864865,LOS ANGELES,06037
2022,MADERA,9181.0,109391.0,2,0.0839282939181468,54695.5,MADERA,06039
2022,MARIN,10535.0,72673.0,3,0.1449644297056678,24224.333333333332,MARIN,06041
2022,MARIPOSA,207.0,6498.0,1,0.0318559556786703,6498.0,MARIPOSA,06043
2022,MENDOCINO,3503.0,52762.0,3,0.0663924794359576,17587.333333333332,MENDOCINO,06045
2022,MERCED,8755.0,84128.0,2,0.1040676112590338,42064.0,MERCED,06047
2022,MODOC,220.0,6136.0,2,0.0358539765319426,3068.0,MODOC,06049
2022,MONO,428.0,11228.0,1,0.0381189882436765,11228.0,MONO,06051
2022,MONTEREY,27321.0,162142.0,4,0.1685004502226443,40535.5,MONTEREY,06053
2022,NAPA,4715.0,31444.0,2,0.1499491158885638,15722.0,NAPA,06055
2022,NEVADA,4561.0,33160.0,2,0.1375452352231604,16580.0,NEVADA,06057
2022,ORANGE,157360.0,832249.0,25,0.1890780283304636,33289.96,ORANGE,06059
2022,PLACER,33015.0,226325.0,3,0.1458742958135424,75441.66666666667,PLACER,06061
2022,PLUMAS,444.0,10602.0,3,0.0418788907753254,3534.0,PLUMAS,06063
2022,RIVERSIDE,133856.0,806057.0,16,0.1660626977992871,50378.5625,RIVERSIDE,06065
2022,SACRAMENTO,85039.0,509005.0,8,0.1670690857653657,63625.625,SACRAMENTO,06067
2022,SAN BENITO,1796.0,21491.0,1,0.0835698664557256,21491.0,SAN BENITO,06069
2022,SAN BERNARDINO,127507.0,768900.0,18,0.1658304070750422,42716.666666666664,SAN BERNARDINO,06071
2022,SAN DIEGO,173791.0,888505.0,15,0.1955993494690519,59233.666666666664,SAN DIEGO,06073
2022,SAN FRANCISCO,46959.0,209709.0,9,0.2239245812053846,23301.0,SAN FRANCISCO,06075
2022,SAN JOAQUIN,42805.0,357539.0,8,0.1197212052391487,44692.375,SAN JOAQUIN,06077
2022,SAN LUIS OBISPO,11540.0,97344.0,4,0.1185486522024983,24336.0,SAN LUIS OBISPO,06079
2022,SAN MATEO,22634.0,179742.0,7,0.125924936853935,25677.428571428572,SAN MATEO,06081
2022,SANTA BARBARA,20431.0,139938.0,5,0.1460003715931341,27987.6,SANTA BARBARA,06083
2022,SANTA CLARA,91780.0,535258.0,9,0.1714687122845431,59473.11111111111,SANTA CLARA,06085
2022,SANTA CRUZ,10551.0,67425.0,2,0.1564849833147942,33712.5,SANTA CRUZ,06087
2022,SHASTA,14587.0,72118.0,3,0.2022657311628165,24039.333333333332,SHASTA,06089
2022,SISKIYOU,1534.0,20063.0,2,0.0764591536659522,10031.5,SISKIYOU,06093
2022,SOLANO,17798.0,197637.0,4,0.0900539878666444,49409.25,SOLANO,06095
2022,SONOMA,22834.0,155294.0,6,0.1470372326039641,25882.333333333332,SONOMA,06097
2022,STANISLAUS,35834.0,232722.0,4,0.1539777073074311,58180.5,STANISLAUS,06099
2022,TEHAMA,2263.0,28962.0,1,0.0781368690007596,28962.0,TEHAMA,06103
2022,TRINITY,82.0,4356.0,1,0.0188246097337006,4356.0,TRINITY,06105
2022,TULARE,20547.0,128359.0,3,0.1600744786107713,42786.333333333336,TULARE,06107
2022,TUOLUMNE,3101.0,31058.0,1,0.0998454504475497,31058.0,TUOLUMNE,06109
2022,VENTURA,40509.0,248440.0,7,0.1630534535501529,35491.42857142857,VENTURA,06111
2022,YOLO,4786.0,51478.0,2,0.0929717549244337,25739.0,YOLO,06113
2022,YUBA,7840.0,63625.0,1,0.123222003929273,63625.0,YUBA,06115
2023,ALAMEDA,76142.0,559957.0,13,0.135978298333622,43073.61538461538,ALAMEDA,06001
2023,AMADOR,2016.0,24918.0,1,0.0809053696123284,24918.0,AMADOR,06005
2023,BUTTE,22414.0,80772.0,3,0.2774971524785817,26924.0,BUTTE,06007
2023,CALAVERAS,721.0,9997.0,1,0.0721216364909472,9997.0,CALAVERAS,06009
2023,COLUSA,451.0,4792.0,1,0.0941151919866444,4792.0,COLUSA,06011
2023,CONTRA COSTA,45827.0,341425.0,7,0.1342227429157208,48775.0,CONTRA COSTA,06013
2023,DEL NORTE,1530.0,17032.0,1,0.0898309065288868,17032.0,DEL NORTE,06015
2023,EL DORADO,4531.0,46763.0,2,0.0968928426319953,23381.5,EL DORADO,06017
2023,FRESNO,66536.0,307394.0,6,0.2164518500686415,51232.333333333336,FRESNO,06019
2023,GLENN,146.0,6152.0,1,0.0237321196358907,6152.0,GLENN,06021
2023,HUMBOLDT,6235.0,54160.0,4,0.1151218611521418,13540.0,HUMBOLDT,06023
2023,IMPERIAL,6775.0,72415.0,2,0.0935579645101153,36207.5,IMPERIAL,06025
2023,INYO,578.0,10495.0,2,0.0550738446879466,5247.5,INYO,06027
2023,KERN,41605.0,325091.0,9,0.127979550341289,36121.22222222222,KERN,06029
2023,KINGS,5726.0,94386.0,1,0.0606657767041722,94386.0,KINGS,06031
2023,LAKE,2247.0,38851.0,2,0.0578363491287225,19425.5,LAKE,06033
2023,LASSEN,568.0,10230.0,1,0.0555229716520039,10230.0,LASSEN,06035
2023,LOS ANGELES,542694.0,3032255.0,71,0.1789737340691993,42707.81690140845,LOS ANGELES,06037
2023,MADERA,6104.0,81536.0,2,0.0748626373626373,40768.0,MADERA,06039
2023,MARIN,11861.0,78503.0,3,0.1510897672700406,26167.666666666668,MARIN,06041
2023,MARIPOSA,230.0,6744.0,1,0.0341043890865954,6744.0,MARIPOSA,06043
2023,MENDOCINO,3670.0,52540.0,3,0.0698515416825276,17513.333333333332,MENDOCINO,06045
2023,MERCED,8763.0,89983.0,2,0.0973850616227509,44991.5,MERCED,06047
2023,MODOC,207.0,5747.0,2,0.036018792413433,2873.5,MODOC,06049
2023,MONO,392.0,10799.0,1,0.0362996573756829,10799.0,MONO,06051
2023,MONTEREY,28099.0,167790.0,4,0.1674652839859348,41947.5,MONTEREY,06053
2023,NAPA,4826.0,33376.0,2,0.1445949185043144,16688.0,NAPA,06055
2023,NEVADA,4748.0,37094.0,2,0.1279991373267913,18547.0,NEVADA,06057
2023,ORANGE,167230.0,854579.0,24,0.195686999095461,35607.458333333336,ORANGE,06059
2023,PLACER,36245.0,237438.0,3,0.1526503760981814,79146.0,PLACER,06061
2023,PLUMAS,411.0,10618.0,3,0.0387078545865511,3539.3333333333335,PLUMAS,06063
2023,RIVERSIDE,138746.0,812508.0,16,0.1707626263372176,50781.75,RIVERSIDE,06065
2023,SACRAMENTO,90630.0,547887.0,9,0.1654173214549715,60876.333333333336,SACRAMENTO,06067
2023,SAN BENITO,1350.0,22750.0,1,0.0593406593406593,22750.0,SAN BENITO,06069
2023,SAN BERNARDINO,136474.0,809533.0,18,0.1685836154918947,44974.055555555555,SAN BERNARDINO,06071
2023,SAN DIEGO,177268.0,920487.0,16,0.1925806665384736,57530.4375,SAN DIEGO,06073
2023,SAN FRANCISCO,49072.0,217768.0,9,0.2253407295837772,24196.444444444445,SAN FRANCISCO,06075
2023,SAN JOAQUIN,43874.0,375860.0,8,0.1167296333741286,46982.5,SAN JOAQUIN,06077
2023,SAN LUIS OBISPO,12353.0,98498.0,4,0.1254137139840402,24624.5,SAN LUIS OBISPO,06079
2023,SAN MATEO,24157.0,193949.0,7,0.1245533619662901,27707.0,SAN MATEO,06081
2023,SANTA BARBARA,20910.0,147504.0,5,0.141758867556134,29500.8,SANTA BARBARA,06083
2023,SANTA CLARA,95695.0,565174.0,9,0.1693195369921475,62797.11111111111,SANTA CLARA,06085
2023,SANTA CRUZ,10935.0,69815.0,2,0.1566282317553534,34907.5,SANTA CRUZ,06087
2023,SHASTA,14870.0,72555.0,3,0.204947970505134,24185.0,SHASTA,06089
2023,SISKIYOU,1559.0,20724.0,2,0.075226790194943,10362.0,SISKIYOU,06093
2023,SOLANO,18626.0,199766.0,4,0.0932390897349899,49941.5,SOLANO,06095
2023,SONOMA,22828.0,165848.0,6,0.1376441078577975,27641.333333333332,SONOMA,06097
2023,STANISLAUS,38720.0,223936.0,4,0.1729065447270648,55984.0,STANISLAUS,06099
2023,TEHAMA,2264.0,29405.0,1,0.0769937085529671,29405.0,TEHAMA,06103
2023,TRINITY,75.0,4547.0,1,0.0164943919067517,4547.0,TRINITY,06105
2023,TULARE,19109.0,135177.0,3,0.1413628058027623,45059.0,TULARE,06107
2023,TUOLUMNE,3175.0,31354.0,1,0.1012629967468265,31354.0,TUOLUMNE,06109
2023,VENTURA,41083.0,259767.0,8,0.1581532681210469,32470.875,VENTURA,06111
2023,YOLO,5511.0,57659.0,2,0.0955791810471912,28829.5,YOLO,06113
2023,YUBA,8270.0,60131.0,1,0.1375330528346443,60131.0,YUBA,06115
2024,ALAMEDA,76629.0,581740.0,13,0.1317237941348368,44749.230769230766,ALAMEDA,06001
2024,AMADOR,2034.0,24984.0,1,0.0814121037463977,24984.0,AMADOR,06005
2024,BUTTE,23765.0,87770.0,3,0.2707644981200865,29256.666666666668,BUTTE,06007
2024,CALAVERAS,866.0,10535.0,1,0.0822021831988609,10535.0,CALAVERAS,06009
2024,COLUSA,390.0,5138.0,1,0.0759050214091086,5138.0,COLUSA,06011
2024,CONTRA COSTA,48882.0,357660.0,7,0.1366716993792987,51094.28571428572,CONTRA COSTA,06013
2024,DEL NORTE,1579.0,18078.0,1,0.0873437327137957,18078.0,DEL NORTE,06015
2024,EL DORADO,4932.0,47483.0,2,0.1038687530273992,23741.5,EL DORADO,06017
2024,FRESNO,68594.0,323756.0,6,0.2118694325356132,53959.333333333336,FRESNO,06019
2024,GLENN,129.0,5977.0,1,0.0215827338129496,5977.0,GLENN,06021
2024,HUMBOLDT,6746.0,56833.0,4,0.1186986433938029,14208.25,HUMBOLDT,06023
2024,IMPERIAL,6962.0,74502.0,2,0.0934471557810528,37251.0,IMPERIAL,06025
2024,INYO,632.0,10758.0,2,0.0587469789923777,5379.0,INYO,06027
2024,KERN,44524.0,338973.0,8,0.1313496945184424,42371.625,KERN,06029
2024,KINGS,5667.0,94697.0,1,0.0598435008500797,94697.0,KINGS,06031
2024,LAKE,2451.0,40804.0,2,0.060067640427409,20402.0,LAKE,06033
2024,LASSEN,490.0,10994.0,1,0.0445697653265417,10994.0,LASSEN,06035
2024,LOS ANGELES,566144.0,3136505.0,72,0.1805015455100502,43562.569444444445,LOS ANGELES,06037
2024,MADERA,6256.0,89495.0,1,0.0699033465556735,89495.0,MADERA,06039
2024,MARIN,12515.0,81401.0,3,0.1537450399872237,27133.666666666668,MARIN,06041
2024,MARIPOSA,261.0,6923.0,1,0.0377004188935432,6923.0,MARIPOSA,06043
2024,MENDOCINO,3582.0,55897.0,3,0.0640821510993434,18632.333333333332,MENDOCINO,06045
2024,MERCED,9316.0,92224.0,2,0.1010149201943095,46112.0,MERCED,06047
2024,MODOC,229.0,6096.0,2,0.0375656167979002,3048.0,MODOC,06049
2024,MONO,390.0,10537.0,1,0.0370124323811331,10537.0,MONO,06051
2024,MONTEREY,28039.0,171071.0,4,0.1639027070631492,42767.75,MONTEREY,06053
2024,NAPA,4940.0,34948.0,2,0.1413528671168593,17474.0,NAPA,06055
2024,NEVADA,4843.0,37875.0,2,0.1278679867986798,18937.5,NEVADA,06057
2024,ORANGE,175405.0,890729.0,25,0.196922969837066,35629.16,ORANGE,06059
2024,PLACER,37605.0,243215.0,3,0.1546162860020969,81071.66666666667,PLACER,06061
2024,PLUMAS,326.0,10801.0,3,0.0301823905193963,3600.3333333333335,PLUMAS,06063
2024,RIVERSIDE,142739.0,852122.0,16,0.1675100513776196,53257.625,RIVERSIDE,06065
2024,SACRAMENTO,96305.0,573883.0,9,0.1678129514204114,63764.77777777778,SACRAMENTO,06067
2024,SAN BENITO,1472.0,24692.0,1,0.0596144500242993,24692.0,SAN BENITO,06069
2024,SAN BERNARDINO,141768.0,846933.0,18,0.1673898643694365,47051.833333333336,SAN BERNARDINO,06071
2024,SAN DIEGO,187875.0,1017419.0,16,0.1846584347255162,63588.6875,SAN DIEGO,06073
2024,SAN FRANCISCO,48981.0,223609.0,9,0.219047533864916,24845.444444444445,SAN FRANCISCO,06075
2024,SAN JOAQUIN,44697.0,390718.0,8,0.1143970843421598,48839.75,SAN JOAQUIN,06077
2024,SAN LUIS OBISPO,12088.0,104293.0,4,0.1159042313482208,26073.25,SAN LUIS OBISPO,06079
2024,SAN MATEO,24350.0,199389.0,7,0.1221230860278149,28484.14285714286,SAN MATEO,06081
2024,SANTA BARBARA,22186.0,157515.0,5,0.140850077770371,31503.0,SANTA BARBARA,06083
2024,SANTA CLARA,99996.0,580415.0,10,0.1722836246478812,58041.5,SANTA CLARA,06085
2024,SANTA CRUZ,11735.0,75123.0,2,0.1562104814770443,37561.5,SANTA CRUZ,06087
2024,SHASTA,16201.0,74334.0,3,0.2179487179487179,24778.0,SHASTA,06089
2024,SISKIYOU,1478.0,21706.0,2,0.0680917718603151,10853.0,SISKIYOU,06093
2024,SOLANO,19279.0,202356.0,4,0.0952726877384411,50589.0,SOLANO,06095
2024,SONOMA,23077.0,173551.0,6,0.1329695593802398,28925.166666666668,SONOMA,06097
2024,STANISLAUS,40114.0,222398.0,4,0.1803703270712866,55599.5,STANISLAUS,06099
2024,SUTTER,1.0,0.0,1,inf,0.0,SUTTER,06101
2024,TEHAMA,2382.0,30183.0,1,0.078918596560978,30183.0,TEHAMA,06103
2024,TRINITY,101.0,5400.0,1,0.0187037037037037,5400.0,TRINITY,06105
2024,TULARE,20185.0,142279.0,3,0.1418691444274981,47426.333333333336,TULARE,06107
2024,TUOLUMNE,3458.0,32756.0,1,0.105568445475638,32756.0,TUOLUMNE,06109
2024,VENTURA,43470.0,269878.0,7,0.1610727810343933,38554.0,VENTURA,06111
2024,YOLO,5506.0,64508.0,2,0.0853537545730762,32254.0,YOLO,06113
2024,YUBA,8579.0,63598.0,1,0.1348941790622346,63598.0,YUBA,06115
