county,year,total_op_exp,patient_days,medi_cal_revenue,gross_revenue,discharges,cost_per_patient_day,medi_cal_revenue_pct
ALAMEDA,2012,0.0,0.0,0.0,0.0,0.0,,
ALAMEDA,2013,0.0,0.0,0.0,0.0,0.0,,
ALAMEDA,2014,3270239291.0,538578.0,885509743.0,0.0,0.0,6071.988256111464,
ALAMEDA,2015,3393481650.0,630622.0,864225355.0,0.0,0.0,5381.165975814355,
ALAMEDA,2016,2920386006.0,645950.0,1014449293.0,0.0,0.0,4521.071299636194,
ALAMEDA,2017,3648048744.0,633553.0,1276746368.0,0.0,0.0,5758.079819683594,
ALAMEDA,2018,3830446239.0,630173.0,1278431248.0,0.0,0.0,6078.404246135585,
ALAMEDA,2019,3973583569.0,653622.0,1283217853.0,0.0,0.0,6079.329595699043,
ALAMEDA,2020,3931049496.0,619559.0,1068730663.0,0.0,0.0,6344.9154898887755,
ALAMEDA,2021,4048600197.0,619127.0,2096789856.0,0.0,0.0,6539.207944412051,
ALAMEDA,2022,6328126061.0,624460.0,1524213215.0,0.0,0.0,10133.757263875988,
ALAMEDA,2023,6479510585.0,645154.0,1520642076.0,0.0,0.0,10043.354896660332,
AMADOR,2012,0.0,0.0,0.0,0.0,0.0,,
AMADOR,2013,0.0,0.0,0.0,0.0,0.0,,
AMADOR,2014,61212596.0,8435.0,14828312.0,0.0,0.0,7256.976407824541,
AMADOR,2015,64852833.0,9637.0,16218668.0,0.0,0.0,6729.566566358825,
AMADOR,2016,70977516.0,8704.0,17905452.0,0.0,0.0,8154.5859375,
AMADOR,2017,76260509.0,8725.0,17057433.0,0.0,0.0,8740.459484240688,
AMADOR,2018,82563287.0,8873.0,15404614.0,0.0,0.0,9305.002479431985,
AMADOR,2019,85892606.0,8331.0,15354245.0,0.0,0.0,10309.999519865562,
AMADOR,2020,87237831.0,8615.0,19036647.0,0.0,0.0,10126.271735345328,
AMADOR,2021,92678301.0,9736.0,17623183.0,0.0,0.0,9519.135271158586,
AMADOR,2022,94914336.0,9748.0,21996722.0,0.0,0.0,9736.800984817399,
AMADOR,2023,97801211.0,9478.0,20416932.0,0.0,0.0,10318.760392487866,
BUTTE,2012,0.0,0.0,0.0,0.0,0.0,,
BUTTE,2013,0.0,0.0,0.0,0.0,0.0,,
BUTTE,2014,821593817.0,164045.0,218739617.0,0.0,0.0,5008.34415556707,
BUTTE,2015,854908400.0,145576.0,287197479.0,0.0,0.0,5872.591635983953,
BUTTE,2016,947285978.0,173535.0,291785516.0,0.0,0.0,5458.760353819114,
BUTTE,2017,1011707523.0,184684.0,314643379.0,0.0,0.0,5478.046409001321,
BUTTE,2018,1254955115.0,184289.0,342991692.0,0.0,0.0,6809.712543884876,
BUTTE,2019,939795576.0,192012.0,256055804.0,0.0,0.0,4894.462721079933,
BUTTE,2020,710297630.0,139279.0,130941752.0,0.0,0.0,5099.818565612906,
BUTTE,2021,1067050737.0,210854.0,292591525.0,0.0,0.0,5060.614154818026,
BUTTE,2022,1160076839.0,211536.0,272922707.0,0.0,0.0,5484.063417101581,
BUTTE,2023,1232755174.0,208538.0,285182997.0,0.0,0.0,5911.417458688585,
CALAVERAS,2012,0.0,0.0,0.0,0.0,0.0,,
CALAVERAS,2013,0.0,0.0,0.0,0.0,0.0,,
CALAVERAS,2014,53255018.0,4449.0,8601816.0,0.0,0.0,11970.10968757024,
CALAVERAS,2015,60120602.0,4065.0,11844134.0,0.0,0.0,14789.815990159901,
CALAVERAS,2016,66482011.0,3715.0,10403468.0,0.0,0.0,17895.56150740242,
CALAVERAS,2017,68794496.0,3512.0,10175490.0,0.0,0.0,19588.410022779044,
CALAVERAS,2018,64558968.0,3327.0,14127145.0,0.0,0.0,19404.559062218214,
CALAVERAS,2019,68863761.0,3158.0,13140122.0,0.0,0.0,21806.130778974035,
CALAVERAS,2020,69297834.0,2803.0,14974842.0,0.0,0.0,24722.737780948984,
CALAVERAS,2021,72523011.0,3335.0,15287025.0,0.0,0.0,21746.03028485757,
CALAVERAS,2022,76060468.0,3266.0,9816756.0,0.0,0.0,23288.569503980405,
CALAVERAS,2023,77793764.0,2928.0,14129970.0,0.0,0.0,26568.908469945356,
COLUSA,2012,0.0,0.0,0.0,0.0,0.0,,
COLUSA,2013,0.0,0.0,0.0,0.0,0.0,,
COLUSA,2014,21273529.0,3577.0,1923478.0,0.0,0.0,5947.310315907185,
COLUSA,2015,54272283.0,4498.0,1764873.0,0.0,0.0,12065.869942196532,
COLUSA,2018,0.0,4407.0,6996339.0,0.0,0.0,0.0,
COLUSA,2019,14726663.0,5839.0,2725980.0,0.0,0.0,2522.1207398527145,
COLUSA,2020,19809015.0,9347.0,9513035.0,0.0,0.0,2119.29121643308,
COLUSA,2021,20272380.0,8712.0,10036510.0,0.0,0.0,2326.9490358126723,
COLUSA,2022,29778024.0,7867.0,8168290.0,0.0,0.0,3785.1816448455575,
COLUSA,2023,33664666.0,6152.0,13206365.0,0.0,0.0,5472.149869960988,
CONTRA COSTA,2012,0.0,0.0,0.0,0.0,0.0,,
CONTRA COSTA,2013,0.0,0.0,0.0,0.0,0.0,,
CONTRA COSTA,2014,2144734456.0,303724.0,445704791.0,0.0,0.0,7061.4586137414235,
CONTRA COSTA,2015,1908507817.0,305115.0,554407158.0,0.0,0.0,6255.044219392688,
CONTRA COSTA,2016,2025393209.0,297060.0,577064372.0,0.0,0.0,6818.12835454117,
CONTRA COSTA,2017,2169664332.0,298699.0,704268444.0,0.0,0.0,7263.714749630899,
CONTRA COSTA,2018,2259436387.0,288684.0,788877739.0,0.0,0.0,7826.67687506062,
CONTRA COSTA,2019,2413905555.0,310000.0,849895600.0,0.0,0.0,7786.792112903226,
CONTRA COSTA,2020,2439298961.0,290203.0,789112853.0,0.0,0.0,8405.49188326792,
CONTRA COSTA,2021,2515561884.0,323083.0,967660607.0,0.0,0.0,7786.116521141626,
CONTRA COSTA,2022,3831781623.0,339637.0,888055623.0,0.0,0.0,11281.991134652584,
CONTRA COSTA,2023,3951879357.0,329825.0,798089265.0,0.0,0.0,11981.745947093155,
DEL NORTE,2012,0.0,0.0,0.0,0.0,0.0,,
DEL NORTE,2013,0.0,0.0,0.0,0.0,0.0,,
DEL NORTE,2014,68478434.0,6735.0,17316425.0,0.0,0.0,10167.547735708982,
DEL NORTE,2015,61365408.0,6776.0,21882802.0,0.0,0.0,9056.288075560802,
DEL NORTE,2016,64123080.0,7979.0,23799484.0,0.0,0.0,8036.48076200025,
DEL NORTE,2017,78146632.0,9468.0,25428232.0,0.0,0.0,8253.763413603718,
DEL NORTE,2018,81131655.0,9515.0,30545428.0,0.0,0.0,8526.71098265896,
DEL NORTE,2019,84426622.0,9497.0,24141849.0,0.0,0.0,8889.820153732757,
DEL NORTE,2020,85890499.0,7961.0,22608187.0,0.0,0.0,10788.908302977014,
DEL NORTE,2021,92738491.0,8967.0,26065244.0,0.0,0.0,10342.198171071708,
DEL NORTE,2022,94195478.0,9711.0,26309932.0,0.0,0.0,9699.874163319946,
DEL NORTE,2023,103251354.0,8853.0,29292974.0,0.0,0.0,11662.86614706879,
EL DORADO,2012,0.0,0.0,0.0,0.0,0.0,,
EL DORADO,2013,0.0,0.0,0.0,0.0,0.0,,
EL DORADO,2014,313472954.0,51236.0,31534816.0,0.0,0.0,6118.216761651964,
EL DORADO,2015,308752930.0,49319.0,66815176.0,0.0,0.0,6260.324215819461,
EL DORADO,2016,321683096.0,51288.0,53783951.0,0.0,0.0,6272.092809234129,
EL DORADO,2017,345148463.0,50551.0,46644502.0,0.0,0.0,6827.727700737869,
EL DORADO,2018,366530287.0,50706.0,84296855.0,0.0,0.0,7228.538772531851,
EL DORADO,2019,396625901.0,50331.0,75158315.0,0.0,0.0,7880.3501023226245,
EL DORADO,2020,416608815.0,42202.0,87869050.0,0.0,0.0,9871.77894412587,
EL DORADO,2021,420386535.0,42752.0,88329895.0,0.0,0.0,9833.143127806887,
EL DORADO,2022,448977915.0,42929.0,75793376.0,0.0,0.0,10458.615737613269,
EL DORADO,2023,484319170.0,41841.0,80624768.0,0.0,0.0,11575.229320522933,
FRESNO,2012,0.0,0.0,0.0,0.0,0.0,,
FRESNO,2013,0.0,0.0,0.0,0.0,0.0,,
FRESNO,2014,1697741593.0,420381.0,423748653.0,0.0,0.0,4038.578320618677,
FRESNO,2015,1647371143.0,434359.0,747032315.0,0.0,0.0,3792.648806632302,
FRESNO,2016,1815417596.0,456094.0,691960498.0,0.0,0.0,3980.358426113915,
FRESNO,2017,1957594621.0,459113.0,697633727.0,0.0,0.0,4263.8623192983,
FRESNO,2018,1985504644.0,469548.0,842044151.0,0.0,0.0,4228.544566263726,
FRESNO,2019,2111969635.0,478841.0,862049490.0,0.0,0.0,4410.586468159577,
FRESNO,2020,2198476103.0,462056.0,808433941.0,0.0,0.0,4758.029552694911,
FRESNO,2021,2322336184.0,488535.0,797861148.0,0.0,0.0,4753.674115467674,
FRESNO,2022,2968243612.0,530444.0,929609617.0,0.0,0.0,5595.771866587236,
FRESNO,2023,3374584440.0,532966.0,1183933070.0,0.0,0.0,6331.70678805027,
GLENN,2012,0.0,0.0,0.0,0.0,0.0,,
GLENN,2013,0.0,0.0,0.0,0.0,0.0,,
GLENN,2014,14529365.0,715.0,1336290.0,0.0,0.0,20320.79020979021,
GLENN,2015,13718033.0,794.0,4802430.0,0.0,0.0,17277.119647355164,
GLENN,2016,14563581.0,920.0,3935149.0,0.0,0.0,15829.979347826087,
GLENN,2017,14221244.0,1418.0,4418058.0,0.0,0.0,10029.086036671368,
GLENN,2018,15034809.0,3127.0,5406541.0,0.0,0.0,4808.06172049888,
GLENN,2019,17040387.0,6300.0,6730618.0,0.0,0.0,2704.8233333333333,
GLENN,2020,26350573.0,7039.0,3061833.0,0.0,0.0,3743.5108680210255,
GLENN,2021,24352037.0,9231.0,3267919.0,0.0,0.0,2638.0713898819195,
GLENN,2022,34852103.0,7344.0,3365268.0,0.0,0.0,4745.656726579521,
GLENN,2023,28976597.0,6766.0,5118685.0,0.0,0.0,4282.677652970736,
HUMBOLDT,2012,0.0,0.0,0.0,0.0,0.0,,
HUMBOLDT,2013,0.0,0.0,0.0,0.0,0.0,,
HUMBOLDT,2014,280572894.0,46895.0,37971328.0,0.0,0.0,5983.002324341614,
HUMBOLDT,2015,290692477.0,49741.0,103928129.0,0.0,0.0,5844.1220924388335,
HUMBOLDT,2016,319332177.0,49138.0,98634973.0,0.0,0.0,6498.680796939232,
HUMBOLDT,2017,328658442.0,51276.0,86263714.0,0.0,0.0,6409.595951322256,
HUMBOLDT,2018,356254641.0,54183.0,106490586.0,0.0,0.0,6575.026133658159,
HUMBOLDT,2019,384666623.0,52286.0,107966947.0,0.0,0.0,7356.971713269327,
HUMBOLDT,2020,392729144.0,52335.0,132399084.0,0.0,0.0,7504.139562434318,
HUMBOLDT,2021,397423132.0,54292.0,129168541.0,0.0,0.0,7320.104840492154,
HUMBOLDT,2022,408098692.0,54318.0,110668199.0,0.0,0.0,7513.139143561987,
HUMBOLDT,2023,476518723.0,49297.0,98736719.0,0.0,0.0,9666.282390409153,
IMPERIAL,2012,0.0,0.0,0.0,0.0,0.0,,
IMPERIAL,2013,0.0,0.0,0.0,0.0,0.0,,
IMPERIAL,2014,216447315.0,36150.0,68445969.0,0.0,0.0,5987.477593360996,
IMPERIAL,2015,214977195.0,35995.0,106257030.0,0.0,0.0,5972.418252535074,
IMPERIAL,2016,220226032.0,36486.0,103714168.0,0.0,0.0,6035.905059474867,
IMPERIAL,2017,240342851.0,34586.0,116910926.0,0.0,0.0,6949.136962932978,
IMPERIAL,2018,263232245.0,38641.0,131853754.0,0.0,0.0,6812.252400300199,
IMPERIAL,2019,281850676.0,39716.0,120980236.0,0.0,0.0,7096.65313727465,
IMPERIAL,2020,300203541.0,38108.0,117075038.0,0.0,0.0,7877.703920436654,
IMPERIAL,2021,304911580.0,46532.0,131982667.0,0.0,0.0,6552.728874752858,
IMPERIAL,2022,329200089.0,43110.0,136106916.0,0.0,0.0,7636.281350034795,
IMPERIAL,2023,336411047.0,40129.0,141323698.0,0.0,0.0,8383.240225273494,
INYO,2012,0.0,0.0,0.0,0.0,0.0,,
INYO,2013,0.0,0.0,0.0,0.0,0.0,,
INYO,2014,71506374.0,13231.0,18824616.0,0.0,0.0,5404.457259466405,
INYO,2015,73894882.0,12873.0,12078363.0,0.0,0.0,5740.300007768197,
INYO,2016,77672020.0,8945.0,15481921.0,0.0,0.0,8683.288988261598,
INYO,2017,77185174.0,12274.0,17266555.0,0.0,0.0,6288.510184129053,
INYO,2018,88319440.0,8273.0,19467305.0,0.0,0.0,10675.62432007736,
INYO,2019,94045698.0,12031.0,19280018.0,0.0,0.0,7816.947718394148,
INYO,2020,104974376.0,13894.0,20163399.0,0.0,0.0,7555.374694112566,
INYO,2021,103301978.0,13628.0,26038420.0,0.0,0.0,7580.1275315526855,
INYO,2022,113966841.0,12923.0,15454986.0,0.0,0.0,8818.915189971369,
INYO,2023,127392447.0,12718.0,6156145.0,0.0,0.0,10016.704434659538,
KERN,2012,0.0,0.0,0.0,0.0,0.0,,
KERN,2013,0.0,0.0,0.0,0.0,0.0,,
KERN,2014,1506355796.0,344985.0,457595259.0,0.0,0.0,4366.438529211415,
KERN,2015,1550840604.0,354191.0,575710000.0,0.0,0.0,4378.543226677132,
KERN,2016,1707824035.0,369784.0,643284975.0,0.0,0.0,4618.436803647534,
KERN,2017,1745422002.0,357368.0,637386258.0,0.0,0.0,4884.102667278547,
KERN,2018,1867011413.0,345692.0,725246769.0,0.0,0.0,5400.794386332342,
KERN,2019,1943886184.0,336370.0,782602762.0,0.0,0.0,5779.011754912745,
KERN,2020,2049456039.0,330936.0,789066301.0,0.0,0.0,6192.90750779607,
KERN,2021,2164019559.0,349697.0,854674322.0,0.0,0.0,6188.270299716612,
KERN,2022,2374193455.0,349190.0,891868349.0,0.0,0.0,6799.145035653942,
KERN,2023,2478425033.0,344312.0,942024890.0,0.0,0.0,7198.195337368434,
KINGS,2012,0.0,0.0,0.0,0.0,0.0,,
KINGS,2013,0.0,0.0,0.0,0.0,0.0,,
KINGS,2014,301294465.0,43393.0,154417084.0,0.0,0.0,6943.388680201876,
KINGS,2015,313153015.0,46274.0,154103815.0,0.0,0.0,6767.364286640446,
KINGS,2016,219625668.0,46541.0,145260784.0,0.0,0.0,4718.971831288542,
KINGS,2017,252454810.0,45399.0,164381771.0,0.0,0.0,5560.801118967378,
KINGS,2018,270886434.0,44083.0,150495648.0,0.0,0.0,6144.918313181952,
KINGS,2019,278959338.0,42514.0,163359509.0,0.0,0.0,6561.5876652396855,
KINGS,2020,290899182.0,49388.0,169080478.0,0.0,0.0,5890.078197132907,
KINGS,2021,316507937.0,52519.0,181581142.0,0.0,0.0,6026.541575429845,
KINGS,2022,341520930.0,44069.0,178650538.0,0.0,0.0,7749.686400871361,
KINGS,2023,348171320.0,39638.0,168286166.0,0.0,0.0,8783.776174378121,
LAKE,2012,0.0,0.0,0.0,0.0,0.0,,
LAKE,2013,0.0,0.0,0.0,0.0,0.0,,
LAKE,2014,132447790.0,11481.0,50831632.0,0.0,0.0,11536.25903666928,
LAKE,2015,141324804.0,12107.0,58442791.0,0.0,0.0,11672.982902453126,
LAKE,2016,145876694.0,11798.0,72669898.0,0.0,0.0,12364.527377521614,
LAKE,2017,165895941.0,12362.0,80079826.0,0.0,0.0,13419.83020546837,
LAKE,2018,179598779.0,11568.0,85676331.0,0.0,0.0,15525.482278699861,
LAKE,2019,187312854.0,12754.0,80392271.0,0.0,0.0,14686.596675552768,
LAKE,2020,204402677.0,11589.0,71423540.0,0.0,0.0,17637.64578479593,
LAKE,2021,229928886.0,12463.0,78992480.0,0.0,0.0,18448.91968225949,
LAKE,2022,262452621.0,12807.0,91761241.0,0.0,0.0,20492.903958772546,
LAKE,2023,284128415.0,12595.0,89894605.0,0.0,0.0,22558.826121476777,
LASSEN,2012,0.0,0.0,0.0,0.0,0.0,,
LASSEN,2013,0.0,0.0,0.0,0.0,0.0,,
LASSEN,2014,30365172.0,3824.0,9252151.0,0.0,0.0,7940.683054393306,
LASSEN,2015,32672677.0,3649.0,8903985.0,0.0,0.0,8953.871471636065,
LASSEN,2016,33257807.0,3105.0,9312988.0,0.0,0.0,10711.048953301128,
LASSEN,2017,31346350.0,3140.0,8916602.0,0.0,0.0,9982.914012738853,
LASSEN,2018,33232301.0,3366.0,8313668.0,0.0,0.0,9872.935531788473,
LASSEN,2019,37423309.0,3421.0,8814179.0,0.0,0.0,10939.289389067524,
LASSEN,2020,38353540.0,3051.0,7860027.0,0.0,0.0,12570.80957063258,
LASSEN,2021,40514565.0,3473.0,7331117.0,0.0,0.0,11665.581629714943,
LASSEN,2022,45032150.0,3159.0,6739363.0,0.0,0.0,14255.191516302628,
LASSEN,2023,48058483.0,2873.0,7146896.0,0.0,0.0,16727.630699617126,
LOS ANGELES,2012,0.0,0.0,0.0,0.0,0.0,,
LOS ANGELES,2013,0.0,0.0,0.0,0.0,0.0,,
LOS ANGELES,2014,34265901036.0,4378875.0,5975497023.0,0.0,0.0,7825.274993234563,
LOS ANGELES,2015,34930089730.0,4328736.0,7819982365.0,0.0,0.0,8069.350898276079,
LOS ANGELES,2016,39150354930.0,4455295.0,8296690430.0,0.0,0.0,8787.376577757477,
LOS ANGELES,2017,41916601063.0,4556312.0,8535370797.0,0.0,0.0,9199.677516157804,
LOS ANGELES,2018,42827550323.0,4487754.0,9602909934.0,0.0,0.0,9543.20364329239,
LOS ANGELES,2019,45521071511.0,4576317.0,9317512426.0,0.0,0.0,9947.09752646069,
LOS ANGELES,2020,49839546153.0,4541372.0,9736555193.0,0.0,0.0,10974.557061830654,
LOS ANGELES,2021,49157812433.0,4396164.0,10035664956.0,0.0,0.0,11181.978750792736,
LOS ANGELES,2022,56370752192.0,4395728.0,10918999251.0,0.0,0.0,12823.985513207368,
LOS ANGELES,2023,60067513530.0,4610235.0,11756032178.0,0.0,0.0,13029.165222597112,
MADERA,2012,0.0,0.0,0.0,0.0,0.0,,
MADERA,2013,0.0,0.0,0.0,0.0,0.0,,
MADERA,2014,514767526.0,19187.0,304087128.0,0.0,0.0,26828.974097044873,
MADERA,2015,499279989.0,15607.0,474205792.0,0.0,0.0,31990.77266611136,
MADERA,2016,585472003.0,13313.0,397628340.0,0.0,0.0,43977.465860437165,
MADERA,2017,595319879.0,13970.0,383978005.0,0.0,0.0,42614.16456692913,
MADERA,2018,617476790.0,14870.0,470747728.0,0.0,0.0,41525.002689979825,
MADERA,2019,696203404.0,14036.0,532891813.0,0.0,0.0,49601.26845255058,
MADERA,2020,701037012.0,13214.0,451894093.0,0.0,0.0,53052.59663992735,
MADERA,2021,741537245.0,17020.0,434281610.0,0.0,0.0,43568.580787309045,
MADERA,2022,881219547.0,25929.0,845502112.0,0.0,0.0,33985.86706004859,
MADERA,2023,741339766.0,1753.0,450198535.0,0.0,0.0,422897.7558471192,
MARIN,2012,0.0,0.0,0.0,0.0,0.0,,
MARIN,2013,0.0,0.0,0.0,0.0,0.0,,
MARIN,2014,367648364.0,59366.0,12580256.0,0.0,0.0,6192.911161270761,
MARIN,2015,391611993.0,62860.0,49455273.0,0.0,0.0,6229.907620108177,
MARIN,2016,408823445.0,62291.0,28446493.0,0.0,0.0,6563.122200638936,
MARIN,2017,434720943.0,61953.0,64652925.0,0.0,0.0,7016.947411747615,
MARIN,2018,485830504.0,62774.0,65878820.0,0.0,0.0,7739.358715391722,
MARIN,2019,461439918.0,62336.0,63881024.0,0.0,0.0,7402.462750256674,
MARIN,2020,488687633.0,55923.0,59230550.0,0.0,0.0,8738.580423081738,
MARIN,2021,503580544.0,64331.0,85848393.0,0.0,0.0,7827.960765416362,
MARIN,2022,833539402.0,71258.0,86319264.0,0.0,0.0,11697.485222711835,
MARIN,2023,886989341.0,75794.0,95658628.0,0.0,0.0,11702.632675409663,
MARIPOSA,2012,0.0,0.0,0.0,0.0,0.0,,
MARIPOSA,2013,0.0,0.0,0.0,0.0,0.0,,
MARIPOSA,2014,18040653.0,8741.0,4598512.0,0.0,0.0,2063.9117949891315,
MARIPOSA,2015,18445610.0,9447.0,5331142.0,0.0,0.0,1952.5362548957341,
MARIPOSA,2016,18816897.0,10064.0,6350780.0,0.0,0.0,1869.7234697933227,
MARIPOSA,2017,19974459.0,9807.0,8127637.0,0.0,0.0,2036.7552768430712,
MARIPOSA,2018,22624653.0,10214.0,8994090.0,0.0,0.0,2215.062952809869,
MARIPOSA,2019,24605416.0,10503.0,8299540.0,0.0,0.0,2342.703608492812,
MARIPOSA,2020,25532842.0,9639.0,6402022.0,0.0,0.0,2648.909845419649,
MARIPOSA,2021,27969155.0,7913.0,6136068.0,0.0,0.0,3534.5829647415644,
MARIPOSA,2022,28894518.0,7555.0,5897548.0,0.0,0.0,3824.555658504302,
MARIPOSA,2023,29999873.0,8430.0,11698179.0,0.0,0.0,3558.7037959667855,
MENDOCINO,2012,0.0,0.0,0.0,0.0,0.0,,
MENDOCINO,2013,0.0,0.0,0.0,0.0,0.0,,
MENDOCINO,2014,197100290.0,22060.0,67919248.0,0.0,0.0,8934.736627379873,
MENDOCINO,2015,212101880.0,23262.0,80126467.0,0.0,0.0,9117.955463846616,
MENDOCINO,2016,232229005.0,22404.0,88865281.0,0.0,0.0,10365.515309766113,
MENDOCINO,2017,257201979.0,23604.0,102456549.0,0.0,0.0,10896.542069140824,
MENDOCINO,2018,269061289.0,22686.0,113295254.0,0.0,0.0,11860.234902583092,
MENDOCINO,2019,304069554.0,24731.0,112163142.0,0.0,0.0,12295.077190570539,
MENDOCINO,2020,329002410.0,27479.0,118395768.0,0.0,0.0,11972.86691655446,
MENDOCINO,2021,301664438.0,28163.0,118302430.0,0.0,0.0,10711.374427440258,
MENDOCINO,2022,365062771.0,26060.0,117766874.0,0.0,0.0,14008.548388334613,
MENDOCINO,2023,415801784.0,24195.0,123430454.0,0.0,0.0,17185.44261210994,
MERCED,2012,0.0,0.0,0.0,0.0,0.0,,
MERCED,2013,0.0,0.0,0.0,0.0,0.0,,
MERCED,2014,292664707.0,47716.0,80007722.0,0.0,0.0,6133.4710998407245,
MERCED,2015,295966727.0,47817.0,170110883.0,0.0,0.0,6189.571219440784,
MERCED,2016,332075100.0,51324.0,168508843.0,0.0,0.0,6470.171849427168,
MERCED,2017,343762499.0,53952.0,160121820.0,0.0,0.0,6371.635880041518,
MERCED,2018,365106454.0,53721.0,184695816.0,0.0,0.0,6796.345079205525,
MERCED,2019,378888508.0,51325.0,164299372.0,0.0,0.0,7382.143360935217,
MERCED,2020,382244539.0,46008.0,143833980.0,0.0,0.0,8308.218983655017,
MERCED,2021,390038395.0,48904.0,163651159.0,0.0,0.0,7975.592896286602,
MERCED,2022,417575913.0,56590.0,162175811.0,0.0,0.0,7378.970012369677,
MERCED,2023,435779981.0,54170.0,168086295.0,0.0,0.0,8044.673823149345,
MODOC,2012,0.0,0.0,0.0,0.0,0.0,,
MODOC,2013,0.0,0.0,0.0,0.0,0.0,,
MODOC,2014,14403180.0,17608.0,6287280.0,0.0,0.0,817.9906860517947,
MODOC,2015,14102552.0,15994.0,6935956.0,0.0,0.0,881.740152557209,
MODOC,2016,14836230.0,13121.0,5809350.0,0.0,0.0,1130.7240301806264,
MODOC,2017,15884103.0,13467.0,7568738.0,0.0,0.0,1179.4834038761417,
MODOC,2018,17019241.0,12206.0,8094676.0,0.0,0.0,1394.3340160576765,
MODOC,2019,19555013.0,12604.0,14024406.0,0.0,0.0,1551.4926213900349,
MODOC,2020,47724461.0,24662.0,28048638.0,0.0,0.0,1935.141553807477,
MODOC,2021,25798246.0,8779.0,8618054.0,0.0,0.0,2938.631507005354,
MODOC,2022,17890408.0,16711.0,15778305.0,0.0,0.0,1070.576745856023,
MODOC,2023,39116456.0,18028.0,22134332.0,0.0,0.0,2169.761260261815,
MONO,2012,0.0,0.0,0.0,0.0,0.0,,
MONO,2013,0.0,0.0,0.0,0.0,0.0,,
MONO,2014,57637096.0,1171.0,6715125.0,0.0,0.0,49220.40649017933,
MONO,2015,56785724.0,1101.0,10855670.0,0.0,0.0,51576.49772933697,
MONO,2016,56777501.0,1396.0,14232213.0,0.0,0.0,40671.562320916906,
MONO,2017,62161558.0,1335.0,9167881.0,0.0,0.0,46562.964794007494,
MONO,2018,65122665.0,1437.0,15583955.0,0.0,0.0,45318.48643006263,
MONO,2019,70403696.0,1836.0,12878650.0,0.0,0.0,38346.23965141612,
MONO,2020,73589722.0,1591.0,14034010.0,0.0,0.0,46253.75361407919,
MONO,2021,78735486.0,1687.0,14475244.0,0.0,0.0,46671.894487255486,
MONO,2022,79610362.0,1409.0,12755340.0,0.0,0.0,56501.3215046132,
MONO,2023,91815469.0,1200.0,11999915.0,0.0,0.0,76512.89083333334,
MONTEREY,2012,0.0,0.0,0.0,0.0,0.0,,
MONTEREY,2013,0.0,0.0,0.0,0.0,0.0,,
MONTEREY,2014,962038549.0,145645.0,168857595.0,0.0,0.0,6605.366123107556,
MONTEREY,2015,968880251.0,147553.0,183979790.0,0.0,0.0,6566.320244251218,
MONTEREY,2016,1044103657.0,152541.0,206178370.0,0.0,0.0,6844.74113189241,
MONTEREY,2017,1111791344.0,155051.0,180672121.0,0.0,0.0,7170.48805876776,
MONTEREY,2018,1168845612.0,165026.0,287136646.0,0.0,0.0,7082.796722940628,
MONTEREY,2019,1271703377.0,168104.0,335122470.0,0.0,0.0,7564.979875553229,
MONTEREY,2020,1454756948.0,159265.0,306515095.0,0.0,0.0,9134.191115436537,
MONTEREY,2021,1446574933.0,163633.0,303920542.0,0.0,0.0,8840.361864660552,
MONTEREY,2022,1547797756.0,167848.0,428661843.0,0.0,0.0,9221.425075067918,
MONTEREY,2023,1676551435.0,176888.0,432771693.0,0.0,0.0,9478.039409117633,
NAPA,2012,0.0,0.0,0.0,0.0,0.0,,
NAPA,2013,0.0,0.0,0.0,0.0,0.0,,
NAPA,2014,701018715.0,473671.0,110256436.0,0.0,0.0,1479.9696730431037,
NAPA,2015,726526291.0,479088.0,99025330.0,0.0,0.0,1516.4777473032095,
NAPA,2016,742716775.0,492954.0,95047013.0,0.0,0.0,1506.6654799433618,
NAPA,2017,794178830.0,490703.0,133469668.0,0.0,0.0,1618.4511405065793,
NAPA,2018,847261481.0,499271.0,93102510.0,0.0,0.0,1696.9971838941176,
NAPA,2019,845832291.0,512932.0,144396519.0,0.0,0.0,1649.0144717038515,
NAPA,2020,891864831.0,488675.0,116898098.0,0.0,0.0,1825.0674395047834,
NAPA,2021,878355636.0,438169.0,130523558.0,0.0,0.0,2004.6046981872291,
NAPA,2022,936056296.0,511922.0,119354375.0,0.0,0.0,1828.513515730912,
NAPA,2023,1004804583.0,437755.0,117104509.0,0.0,0.0,2295.358323719889,
NEVADA,2012,0.0,0.0,0.0,0.0,0.0,,
NEVADA,2013,0.0,0.0,0.0,0.0,0.0,,
NEVADA,2014,235758676.0,33584.0,21666901.0,0.0,0.0,7019.970104811815,
NEVADA,2015,243535829.0,35858.0,45738972.0,0.0,0.0,6791.673517764516,
NEVADA,2016,272837264.0,34383.0,41653310.0,0.0,0.0,7935.237297501672,
NEVADA,2017,287125359.0,33713.0,45760006.0,0.0,0.0,8516.754931332127,
NEVADA,2018,303291625.0,35937.0,57434768.0,0.0,0.0,8439.53655007374,
NEVADA,2019,320889055.0,37057.0,54395572.0,0.0,0.0,8659.337102301859,
NEVADA,2020,350499683.0,31058.0,62252268.0,0.0,0.0,11285.326904501255,
NEVADA,2021,369894731.0,30994.0,68714685.0,0.0,0.0,11934.397980254244,
NEVADA,2022,395984287.0,32030.0,63045922.0,0.0,0.0,12362.918732438338,
NEVADA,2023,425300334.0,32327.0,66367332.0,0.0,0.0,13156.195564079562,
ORANGE,2012,0.0,0.0,0.0,0.0,0.0,,
ORANGE,2013,0.0,0.0,0.0,0.0,0.0,,
ORANGE,2014,5263231588.0,1022473.0,923375210.0,0.0,0.0,5147.550681533889,
ORANGE,2015,5032873450.0,1089781.0,1309696897.0,0.0,0.0,4618.242977258734,
ORANGE,2016,5680288876.0,1104116.0,1201139005.0,0.0,0.0,5144.6486383677075,
ORANGE,2017,6911652147.0,1149773.0,1478801727.0,0.0,0.0,6011.318883814457,
ORANGE,2018,5754688003.0,1046945.0,1406079085.0,0.0,0.0,5496.64786879922,
ORANGE,2019,6646914282.0,1064553.0,1745482212.0,0.0,0.0,6243.854727758975,
ORANGE,2020,6942088563.0,990788.0,1618501637.0,0.0,0.0,7006.633672390058,
ORANGE,2021,7466099501.0,1023823.0,1765369203.0,0.0,0.0,7292.373292063179,
ORANGE,2022,8960986115.0,1035270.0,1869607295.0,0.0,0.0,8655.699590445005,
ORANGE,2023,9853285646.0,1111829.0,2273104629.0,0.0,0.0,8862.23119382567,
PLACER,2012,0.0,0.0,0.0,0.0,0.0,,
PLACER,2013,0.0,0.0,0.0,0.0,0.0,,
PLACER,2014,535351755.0,138292.0,87596337.0,0.0,0.0,3871.1693734995515,
PLACER,2015,582465699.0,147437.0,96877788.0,0.0,0.0,3950.607371284006,
PLACER,2016,624878331.0,159406.0,108970683.0,0.0,0.0,3920.042727375381,
PLACER,2017,695492952.0,159805.0,123536423.0,0.0,0.0,4352.135114671005,
PLACER,2018,741576620.0,161105.0,136049200.0,0.0,0.0,4603.063964495205,
PLACER,2019,754127109.0,169321.0,136252723.0,0.0,0.0,4453.83094241116,
PLACER,2020,832699292.0,175223.0,135300978.0,0.0,0.0,4752.225974900555,
PLACER,2021,928525296.0,206372.0,266500954.0,0.0,0.0,4499.279437132945,
PLACER,2022,2159861071.0,211063.0,266341814.0,0.0,0.0,10233.25296712356,
PLACER,2023,2314912475.0,220243.0,274734939.0,0.0,0.0,10510.719863968436,
RIVERSIDE,2012,0.0,0.0,0.0,0.0,0.0,,
RIVERSIDE,2013,0.0,0.0,0.0,0.0,0.0,,
RIVERSIDE,2014,2869465132.0,738056.0,656892462.0,0.0,0.0,3887.869121042306,
RIVERSIDE,2015,2930451455.0,743998.0,875128887.0,0.0,0.0,3938.7894255092083,
RIVERSIDE,2016,3202594127.0,746075.0,829138796.0,0.0,0.0,4292.590057299869,
RIVERSIDE,2017,3387054877.0,709472.0,918787527.0,0.0,0.0,4774.050106276217,
RIVERSIDE,2018,3479884717.0,759959.0,1099872853.0,0.0,0.0,4579.042707567119,
RIVERSIDE,2019,3845262279.0,790183.0,920541865.0,0.0,0.0,4866.293351033874,
RIVERSIDE,2020,3937442050.0,811156.0,1139152742.0,0.0,0.0,4854.111971063519,
RIVERSIDE,2021,4188650132.0,873615.0,1316375658.0,0.0,0.0,4794.617917503706,
RIVERSIDE,2022,5408930234.0,899179.0,1488180457.0,0.0,0.0,6015.409872783951,
RIVERSIDE,2023,5844941906.0,897685.0,1364608403.0,0.0,0.0,6511.127963595248,
SACRAMENTO,2012,0.0,0.0,0.0,0.0,0.0,,
SACRAMENTO,2013,0.0,0.0,0.0,0.0,0.0,,
SACRAMENTO,2014,3890215635.0,710618.0,1019253472.0,0.0,0.0,5474.411899220116,
SACRAMENTO,2015,3972544238.0,743827.0,1286766484.0,0.0,0.0,5340.683032479326,
SACRAMENTO,2016,4587373343.0,751171.0,1335932157.0,0.0,0.0,6106.962786103298,
SACRAMENTO,2017,4859276983.0,761092.0,1418464465.0,0.0,0.0,6384.6118248516605,
SACRAMENTO,2018,5095653910.0,769705.0,1570620207.0,0.0,0.0,6620.268687354246,
SACRAMENTO,2019,5317455646.0,771859.0,1551599010.0,0.0,0.0,6889.154166758436,
SACRAMENTO,2020,5705856449.0,743270.0,1597492486.0,0.0,0.0,7676.694134029357,
SACRAMENTO,2021,6128906794.0,778051.0,1894858115.0,0.0,0.0,7877.255853408067,
SACRAMENTO,2022,7989063824.0,818389.0,1859769082.0,0.0,0.0,9761.939400456262,
SACRAMENTO,2023,8551635679.0,890830.0,2089874968.0,0.0,0.0,9599.62695351526,
SAN BERNARDINO,2012,0.0,0.0,0.0,0.0,0.0,,
SAN BERNARDINO,2013,0.0,0.0,0.0,0.0,0.0,,
SAN BERNARDINO,2014,3378052530.0,768281.0,1178783964.0,0.0,0.0,4396.8971378961605,
SAN BERNARDINO,2015,3530499719.0,809740.0,1736969207.0,0.0,0.0,4360.041147775829,
SAN BERNARDINO,2016,3862843830.0,793002.0,1675850948.0,0.0,0.0,4871.165306014361,
SAN BERNARDINO,2017,3987565703.0,727674.0,1276700363.0,0.0,0.0,5479.879318211177,
SAN BERNARDINO,2018,3272917310.0,801927.0,1930543206.0,0.0,0.0,4081.3157681434845,
SAN BERNARDINO,2019,4385911929.0,838857.0,2053431683.0,0.0,0.0,5228.438135462898,
SAN BERNARDINO,2020,4512489969.0,838846.0,2115366759.0,0.0,0.0,5379.402141751883,
SAN BERNARDINO,2021,4701470710.0,863216.0,2245641721.0,0.0,0.0,5446.459182869641,
SAN BERNARDINO,2022,6428956465.0,871449.0,2369366221.0,0.0,0.0,7377.318081723658,
SAN BERNARDINO,2023,6913396945.0,887287.0,2591367654.0,0.0,0.0,7791.613023745417,
SAN DIEGO,2012,0.0,0.0,0.0,0.0,0.0,,
SAN DIEGO,2013,0.0,0.0,0.0,0.0,0.0,,
SAN DIEGO,2014,6405403542.0,1332979.0,1355507367.0,0.0,0.0,4805.329672860563,
SAN DIEGO,2015,6460802999.0,1349641.0,2163747932.0,0.0,0.0,4787.053000760943,
SAN DIEGO,2016,7167352167.0,1379739.0,1910153858.0,0.0,0.0,5194.71593323085,
SAN DIEGO,2017,7446426308.0,1382001.0,1895767037.0,0.0,0.0,5388.1482777508845,
SAN DIEGO,2018,7825191825.0,1402460.0,2499174932.0,0.0,0.0,5579.618545270453,
SAN DIEGO,2019,8582201119.0,1419026.0,2272216609.0,0.0,0.0,6047.951988899428,
SAN DIEGO,2020,8931913147.0,1379937.0,2601746208.0,0.0,0.0,6472.696323817681,
SAN DIEGO,2021,9707140029.0,1454377.0,2683291003.0,0.0,0.0,6674.431752564844,
SAN DIEGO,2022,11433994046.0,1498080.0,2930696967.0,0.0,0.0,7632.4322105628535,
SAN DIEGO,2023,12351817505.0,1511858.0,3145693704.0,0.0,0.0,8169.958756047195,
SAN FRANCISCO,2012,0.0,0.0,0.0,0.0,0.0,,
SAN FRANCISCO,2013,0.0,0.0,0.0,0.0,0.0,,
SAN FRANCISCO,2014,4975759611.0,942849.0,989550937.0,0.0,0.0,5277.366376800527,
SAN FRANCISCO,2015,5045717012.0,938655.0,1143547893.0,0.0,0.0,5375.475560243114,
SAN FRANCISCO,2016,5531859299.0,959069.0,1324550310.0,0.0,0.0,5767.947143531905,
SAN FRANCISCO,2017,6190873189.0,940192.0,1348860202.0,0.0,0.0,6584.6903494179915,
SAN FRANCISCO,2018,7891800189.0,954290.0,1538321806.0,0.0,0.0,8269.813357574742,
SAN FRANCISCO,2019,5680601993.0,918937.0,1464600480.0,0.0,0.0,6181.709946383702,
SAN FRANCISCO,2020,7417087336.0,910245.0,1527967453.0,0.0,0.0,8148.451610280748,
SAN FRANCISCO,2021,8366760698.0,903758.0,1430197846.0,0.0,0.0,9257.744548872597,
SAN FRANCISCO,2022,9189426147.0,933587.0,1648721713.0,0.0,0.0,9843.138504499313,
SAN FRANCISCO,2023,9647170945.0,911891.0,1996050370.0,0.0,0.0,10579.302729163903,
SAN JOAQUIN,2012,0.0,0.0,0.0,0.0,0.0,,
SAN JOAQUIN,2013,0.0,0.0,0.0,0.0,0.0,,
SAN JOAQUIN,2014,972877043.0,197978.0,179816653.0,0.0,0.0,4914.066426572649,
SAN JOAQUIN,2015,1378200632.0,285482.0,444333157.0,0.0,0.0,4827.6270728101945,
SAN JOAQUIN,2016,572456187.0,123274.0,152023439.0,0.0,0.0,4643.770681571134,
SAN JOAQUIN,2017,1036603933.0,211011.0,275312375.0,0.0,0.0,4912.558743383046,
SAN JOAQUIN,2018,1169143172.0,202483.0,371634216.0,0.0,0.0,5774.031261883713,
SAN JOAQUIN,2019,1211372369.0,213959.0,337904904.0,0.0,0.0,5661.703265578919,
SAN JOAQUIN,2020,1244796983.0,209401.0,318230687.0,0.0,0.0,5944.560833042822,
SAN JOAQUIN,2021,1264883171.0,228196.0,388110927.0,0.0,0.0,5542.968198390857,
SAN JOAQUIN,2022,2074601737.0,225793.0,311630877.0,0.0,0.0,9188.069324558335,
SAN JOAQUIN,2023,2100323430.0,233154.0,378599966.0,0.0,0.0,9008.309657994287,
SAN LUIS OBISPO,2012,0.0,0.0,0.0,0.0,0.0,,
SAN LUIS OBISPO,2013,0.0,0.0,0.0,0.0,0.0,,
SAN LUIS OBISPO,2014,649554804.0,400807.0,17771176.0,0.0,0.0,1620.6174143665155,
SAN LUIS OBISPO,2015,444501699.0,427187.0,43222341.0,0.0,0.0,1040.5318958676178,
SAN LUIS OBISPO,2016,491780844.0,448417.0,44954250.0,0.0,0.0,1096.704281951844,
SAN LUIS OBISPO,2017,525749042.0,446967.0,45601320.0,0.0,0.0,1176.259191394443,
SAN LUIS OBISPO,2018,537093288.0,450617.0,50211457.0,0.0,0.0,1191.906403886227,
SAN LUIS OBISPO,2019,594142411.0,455214.0,41836969.0,0.0,0.0,1305.1936254157386,
SAN LUIS OBISPO,2020,606819308.0,450208.0,44130757.0,0.0,0.0,1347.864338261426,
SAN LUIS OBISPO,2021,627318723.0,399556.0,51037566.0,0.0,0.0,1570.0395514020563,
SAN LUIS OBISPO,2022,637375052.0,417769.0,46045311.0,0.0,0.0,1525.6638285751217,
SAN LUIS OBISPO,2023,676372854.0,378202.0,48056254.0,0.0,0.0,1788.39047387375,
SAN MATEO,2012,0.0,0.0,0.0,0.0,0.0,,
SAN MATEO,2013,0.0,0.0,0.0,0.0,0.0,,
SAN MATEO,2014,1294844164.0,332401.0,203873955.0,0.0,0.0,3895.4280041275447,
SAN MATEO,2015,1261821362.0,341773.0,341167141.0,0.0,0.0,3691.9866753663982,
SAN MATEO,2016,1390174422.0,335590.0,326678686.0,0.0,0.0,4142.478685300515,
SAN MATEO,2017,1432643219.0,336759.0,425430397.0,0.0,0.0,4254.2091495698705,
SAN MATEO,2018,1522740132.0,337602.0,389403613.0,0.0,0.0,4510.459452254429,
SAN MATEO,2019,1585395447.0,341198.0,365586924.0,0.0,0.0,4646.555510290213,
SAN MATEO,2020,1858389216.0,368365.0,392849516.0,0.0,0.0,5044.966856243129,
SAN MATEO,2021,1312934491.0,301220.0,378145735.0,0.0,0.0,4358.722830489343,
SAN MATEO,2022,2259837677.0,298920.0,493647109.0,0.0,0.0,7560.0082864980595,
SAN MATEO,2023,2318507791.0,301015.0,470445066.0,0.0,0.0,7702.299855488929,
SANTA BARBARA,2012,0.0,0.0,0.0,0.0,0.0,,
SANTA BARBARA,2013,0.0,0.0,0.0,0.0,0.0,,
SANTA BARBARA,2014,970509524.0,216249.0,170242671.0,0.0,0.0,4487.926066710135,
SANTA BARBARA,2015,1093134486.0,218958.0,279212925.0,0.0,0.0,4992.439125311704,
SANTA BARBARA,2016,1224178573.0,220977.0,267539184.0,0.0,0.0,5539.846106155845,
SANTA BARBARA,2017,1294221467.0,222190.0,224708218.0,0.0,0.0,5824.841203474504,
SANTA BARBARA,2018,1306524309.0,220234.0,273647132.0,0.0,0.0,5932.4369034753945,
SANTA BARBARA,2019,1411020240.0,220573.0,248531040.0,0.0,0.0,6397.066912088061,
SANTA BARBARA,2020,1459346825.0,213841.0,352902235.0,0.0,0.0,6824.448188139786,
SANTA BARBARA,2021,1557533174.0,218944.0,358231352.0,0.0,0.0,7113.842690368313,
SANTA BARBARA,2022,1648276398.0,224754.0,349352181.0,0.0,0.0,7333.691048880109,
SANTA BARBARA,2023,1721079641.0,228366.0,431898366.0,0.0,0.0,7536.496855924262,
SANTA CLARA,2012,0.0,0.0,0.0,0.0,0.0,,
SANTA CLARA,2013,0.0,0.0,0.0,0.0,0.0,,
SANTA CLARA,2014,3953445667.0,506956.0,853105096.0,0.0,0.0,7798.399993293304,
SANTA CLARA,2015,4190370834.0,530932.0,1234671194.0,0.0,0.0,7892.481210399826,
SANTA CLARA,2016,4502334368.0,534704.0,1360163387.0,0.0,0.0,8420.236931087105,
SANTA CLARA,2017,4146983589.0,552299.0,1491446604.0,0.0,0.0,7508.584279529748,
SANTA CLARA,2018,5545162267.0,585213.0,1685517931.0,0.0,0.0,9475.459818903544,
SANTA CLARA,2019,5050845193.0,528771.0,1680512963.0,0.0,0.0,9552.046524866151,
SANTA CLARA,2020,5485185525.0,536538.0,1972397203.0,0.0,0.0,10223.293643693456,
SANTA CLARA,2021,5964737716.0,550757.0,1825659290.0,0.0,0.0,10830.071548795568,
SANTA CLARA,2022,8332658311.0,601309.0,2314406372.0,0.0,0.0,13857.531337465429,
SANTA CLARA,2023,8891437215.0,634645.0,2604752419.0,0.0,0.0,14010.095746440924,
SANTA CRUZ,2012,0.0,0.0,0.0,0.0,0.0,,
SANTA CRUZ,2013,0.0,0.0,0.0,0.0,0.0,,
SANTA CRUZ,2014,526698213.0,67152.0,100661826.0,0.0,0.0,7843.373436383131,
SANTA CRUZ,2015,493421837.0,72510.0,157227012.0,0.0,0.0,6804.879837263826,
SANTA CRUZ,2016,550693007.0,73922.0,150496349.0,0.0,0.0,7449.649725386218,
SANTA CRUZ,2017,580467409.0,72176.0,127862200.0,0.0,0.0,8042.388176125028,
SANTA CRUZ,2018,575440116.0,71346.0,146692144.0,0.0,0.0,8065.485325035741,
SANTA CRUZ,2019,612677534.0,71136.0,126374912.0,0.0,0.0,8612.763354700855,
SANTA CRUZ,2020,617207621.0,66763.0,152346331.0,0.0,0.0,9244.755643095727,
SANTA CRUZ,2021,633762784.0,68415.0,148052356.0,0.0,0.0,9263.506307096397,
SANTA CRUZ,2022,776975031.0,72027.0,130803894.0,0.0,0.0,10787.274647007373,
SANTA CRUZ,2023,559211288.0,71941.0,135842609.0,0.0,0.0,7773.193144382202,
SHASTA,2012,0.0,0.0,0.0,0.0,0.0,,
SHASTA,2013,0.0,0.0,0.0,0.0,0.0,,
SHASTA,2014,529491016.0,114257.0,88121778.0,0.0,0.0,4634.210735447281,
SHASTA,2015,544551528.0,120264.0,159972593.0,0.0,0.0,4527.967870684494,
SHASTA,2016,608041848.0,119356.0,172344756.0,0.0,0.0,5094.3551057341065,
SHASTA,2017,621374049.0,122546.0,154672475.0,0.0,0.0,5070.537177876063,
SHASTA,2018,627483592.0,124110.0,217933167.0,0.0,0.0,5055.866505519298,
SHASTA,2019,659700730.0,124270.0,187365947.0,0.0,0.0,5308.608111370403,
SHASTA,2020,673976275.0,115622.0,206472179.0,0.0,0.0,5829.135242427912,
SHASTA,2021,706444169.0,120677.0,190521771.0,0.0,0.0,5854.0083777356085,
SHASTA,2022,735230462.0,124287.0,168156456.0,0.0,0.0,5915.586199682992,
SHASTA,2023,761078959.0,122251.0,190840915.0,0.0,0.0,6225.543831952295,
SISKIYOU,2012,0.0,0.0,0.0,0.0,0.0,,
SISKIYOU,2013,0.0,0.0,0.0,0.0,0.0,,
SISKIYOU,2014,56347044.0,4563.0,21443335.0,0.0,0.0,12348.68376068376,
SISKIYOU,2015,58592563.0,4534.0,17078085.0,0.0,0.0,12922.929642699602,
SISKIYOU,2016,65812347.0,4539.0,25901778.0,0.0,0.0,14499.305353602114,
SISKIYOU,2017,73432150.0,4348.0,27225504.0,0.0,0.0,16888.71895124195,
SISKIYOU,2018,78712475.0,4597.0,16618927.0,0.0,0.0,17122.57450511203,
SISKIYOU,2019,79084936.0,4279.0,13486862.0,0.0,0.0,18482.10703435382,
SISKIYOU,2020,82146930.0,4361.0,18222225.0,0.0,0.0,18836.718642513184,
SISKIYOU,2021,89501170.0,4953.0,12206175.0,0.0,0.0,18070.09287300626,
SISKIYOU,2022,109248097.0,4924.0,26928039.0,0.0,0.0,22186.85966693745,
SISKIYOU,2023,109819995.0,4344.0,30680726.0,0.0,0.0,25280.845994475138,
SOLANO,2012,0.0,0.0,0.0,0.0,0.0,,
SOLANO,2013,0.0,0.0,0.0,0.0,0.0,,
SOLANO,2014,522561815.0,135491.0,131678440.0,0.0,0.0,3856.80093142718,
SOLANO,2015,539718872.0,145619.0,129086494.0,0.0,0.0,3706.376722817764,
SOLANO,2016,615849722.0,154433.0,220135732.0,0.0,0.0,3987.8116853263227,
SOLANO,2017,697042605.0,147692.0,228223007.0,0.0,0.0,4719.569137123202,
SOLANO,2018,745457970.0,145976.0,213546371.0,0.0,0.0,5106.715967008276,
SOLANO,2019,752706829.0,156766.0,260599850.0,0.0,0.0,4801.467339856857,
SOLANO,2020,820342719.0,142899.0,227937412.0,0.0,0.0,5740.717002918145,
SOLANO,2021,826610512.0,157230.0,372040552.0,0.0,0.0,5257.333282452458,
SOLANO,2022,1837153147.0,159691.0,412370206.0,0.0,0.0,11504.425089704491,
SOLANO,2023,1889649743.0,161656.0,458266988.0,0.0,0.0,11689.326365863315,
SONOMA,2012,0.0,0.0,0.0,0.0,0.0,,
SONOMA,2013,0.0,0.0,0.0,0.0,0.0,,
SONOMA,2014,647049220.0,130515.0,119958301.0,0.0,0.0,4957.661724705972,
SONOMA,2015,512318660.0,144692.0,170510725.0,0.0,0.0,3540.753186078014,
SONOMA,2016,801491812.0,149275.0,201658768.0,0.0,0.0,5369.23002512142,
SONOMA,2017,859778072.0,154204.0,246079238.0,0.0,0.0,5575.588648802885,
SONOMA,2018,914767718.0,157695.0,229914769.0,0.0,0.0,5800.866977393069,
SONOMA,2019,959703991.0,157811.0,276607862.0,0.0,0.0,6081.350419172301,
SONOMA,2020,1104548914.0,161704.0,271921013.0,0.0,0.0,6830.683928659773,
SONOMA,2021,960684236.0,148284.0,313273979.0,0.0,0.0,6478.677645598986,
SONOMA,2022,1472982586.0,180526.0,312937366.0,0.0,0.0,8159.393029258943,
SONOMA,2023,1678609770.0,185024.0,307801958.0,0.0,0.0,9072.389365703908,
STANISLAUS,2012,0.0,0.0,0.0,0.0,0.0,,
STANISLAUS,2013,0.0,0.0,0.0,0.0,0.0,,
STANISLAUS,2014,1202459510.0,276589.0,316075197.0,0.0,0.0,4347.45962420776,
STANISLAUS,2015,1248191502.0,266302.0,404128145.0,0.0,0.0,4687.127779738793,
STANISLAUS,2016,1321687936.0,264755.0,471793592.0,0.0,0.0,4992.116998734679,
STANISLAUS,2017,1391410983.0,260911.0,461574164.0,0.0,0.0,5332.895060001303,
STANISLAUS,2018,1421550763.0,266325.0,585457152.0,0.0,0.0,5337.6542307331265,
STANISLAUS,2019,1548547540.0,274315.0,485682113.0,0.0,0.0,5645.143502907242,
STANISLAUS,2020,1593641226.0,274301.0,484324508.0,0.0,0.0,5809.826526334209,
STANISLAUS,2021,1643160270.0,297231.0,548472806.0,0.0,0.0,5528.226429948424,
STANISLAUS,2022,1721624875.0,289934.0,534178557.0,0.0,0.0,5937.988904371339,
STANISLAUS,2023,1762545980.0,297993.0,511096310.0,0.0,0.0,5914.722761944073,
SUTTER,2012,0.0,0.0,0.0,0.0,0.0,,
SUTTER,2013,0.0,0.0,0.0,0.0,0.0,,
SUTTER,2014,27049289.0,9333.0,854812.0,0.0,0.0,2898.2416157719917,
SUTTER,2015,28647384.0,10183.0,1417569.0,0.0,0.0,2813.2558185210646,
SUTTER,2016,32051208.0,10009.0,1532398.0,0.0,0.0,3202.238785093416,
SUTTER,2017,33889359.0,10345.0,894040.0,0.0,0.0,3275.9167713871434,
SUTTER,2018,33759382.0,10758.0,2369319.0,0.0,0.0,3138.0723182747724,
SUTTER,2019,57774348.0,10833.0,476663.0,0.0,0.0,5333.180836333426,
SUTTER,2020,50922715.0,9398.0,411881.0,0.0,0.0,5418.462970844861,
SUTTER,2021,52342885.0,11932.0,690478.0,0.0,0.0,4386.765420717398,
SUTTER,2022,62457273.0,13633.0,1593012.0,0.0,0.0,4581.330081420084,
SUTTER,2023,60878265.0,13650.0,2604574.0,0.0,0.0,4459.946153846154,
TEHAMA,2012,0.0,0.0,0.0,0.0,0.0,,
TEHAMA,2013,0.0,0.0,0.0,0.0,0.0,,
TEHAMA,2014,73407542.0,8165.0,14080106.0,0.0,0.0,8990.513410900183,
TEHAMA,2015,77482934.0,8982.0,27856192.0,0.0,0.0,8626.467824537965,
TEHAMA,2016,81071533.0,8561.0,25185359.0,0.0,0.0,9469.867188412569,
TEHAMA,2017,87296811.0,10572.0,22527718.0,0.0,0.0,8257.360102156641,
TEHAMA,2018,95021275.0,11946.0,34740953.0,0.0,0.0,7954.233634689435,
TEHAMA,2019,102485722.0,13504.0,36280838.0,0.0,0.0,7589.286285545024,
TEHAMA,2020,128454437.0,12503.0,40091428.0,0.0,0.0,10273.88922658562,
TEHAMA,2021,140765777.0,14762.0,44337576.0,0.0,0.0,9535.684663324753,
TEHAMA,2022,148936318.0,16427.0,40108573.0,0.0,0.0,9066.556157545505,
TEHAMA,2023,163357559.0,13525.0,47464200.0,0.0,0.0,12078.192902033272,
TRINITY,2012,0.0,0.0,0.0,0.0,0.0,,
TRINITY,2013,0.0,0.0,0.0,0.0,0.0,,
TRINITY,2014,14011209.0,8416.0,4378771.0,0.0,0.0,1664.829966730038,
TRINITY,2015,14219608.0,8196.0,9223875.0,0.0,0.0,1734.9448511469009,
TRINITY,2016,15038124.0,4100.0,5288670.0,0.0,0.0,3667.8351219512197,
TRINITY,2017,15313610.0,3925.0,6532023.0,0.0,0.0,3901.556687898089,
TRINITY,2018,15874859.0,5780.0,7984734.0,0.0,0.0,2746.5153979238753,
TRINITY,2019,17289231.0,6726.0,6951472.0,0.0,0.0,2570.507136485281,
TRINITY,2020,17625410.0,6088.0,13959187.0,0.0,0.0,2895.106767411301,
TRINITY,2021,19955944.0,7343.0,16662746.0,0.0,0.0,2717.6826909982296,
TRINITY,2022,21834813.0,7232.0,10848561.0,0.0,0.0,3019.194275442478,
TRINITY,2023,25099506.0,6277.0,17686320.0,0.0,0.0,3998.6468057989487,
TULARE,2012,0.0,0.0,0.0,0.0,0.0,,
TULARE,2013,0.0,0.0,0.0,0.0,0.0,,
TULARE,2014,795578136.0,326633.0,222034805.0,0.0,0.0,2435.6942991063365,
TULARE,2015,819665287.0,321287.0,273912406.0,0.0,0.0,2551.193440755462,
TULARE,2016,854932086.0,320358.0,270587620.0,0.0,0.0,2668.677186147997,
TULARE,2017,1029456902.0,311574.0,284003222.0,0.0,0.0,3304.0526552279716,
TULARE,2018,932210568.0,283885.0,266159612.0,0.0,0.0,3283.761269528154,
TULARE,2019,991120845.0,279071.0,295479878.0,0.0,0.0,3551.50067545535,
TULARE,2020,1048853085.0,269393.0,297038012.0,0.0,0.0,3893.393982026259,
TULARE,2021,1096691911.0,262636.0,356941493.0,0.0,0.0,4175.71053092493,
TULARE,2022,1173218207.0,272560.0,372067154.0,0.0,0.0,4304.440148958028,
TULARE,2023,1264698807.0,248713.0,416232697.0,0.0,0.0,5084.972667291215,
TUOLUMNE,2012,0.0,0.0,0.0,0.0,0.0,,
TUOLUMNE,2013,0.0,0.0,0.0,0.0,0.0,,
TUOLUMNE,2014,190056986.0,43875.0,44661917.0,0.0,0.0,4331.783156695156,
TUOLUMNE,2015,208230487.0,44981.0,53335302.0,0.0,0.0,4629.298748360419,
TUOLUMNE,2016,217988560.0,43926.0,56909231.0,0.0,0.0,4962.631698766107,
TUOLUMNE,2017,227166056.0,42158.0,48009772.0,0.0,0.0,5388.444802884387,
TUOLUMNE,2018,240086241.0,39689.0,57004620.0,0.0,0.0,6049.188465317846,
TUOLUMNE,2019,247246219.0,39024.0,56278496.0,0.0,0.0,6335.747719352194,
TUOLUMNE,2020,261643296.0,36699.0,54900691.0,0.0,0.0,7129.439385269354,
TUOLUMNE,2021,254870898.0,35760.0,65574867.0,0.0,0.0,7127.262248322148,
TUOLUMNE,2022,276524916.0,33212.0,58522531.0,0.0,0.0,8326.054317716487,
TUOLUMNE,2023,302405081.0,33226.0,45566109.0,0.0,0.0,9101.459128393426,
VENTURA,2012,0.0,0.0,0.0,0.0,0.0,,
VENTURA,2013,0.0,0.0,0.0,0.0,0.0,,
VENTURA,2014,1426110681.0,313335.0,269660676.0,0.0,0.0,4551.3928574848005,
VENTURA,2015,1484534296.0,315830.0,386257893.0,0.0,0.0,4700.422049836938,
VENTURA,2016,1594171787.0,316873.0,420849281.0,0.0,0.0,5030.948635573242,
VENTURA,2017,1693716356.0,309201.0,286343721.0,0.0,0.0,5477.7195287208,
VENTURA,2018,1737585692.0,305017.0,485330683.0,0.0,0.0,5696.684748718924,
VENTURA,2019,1993528650.0,346288.0,447423298.0,0.0,0.0,5756.851666820681,
VENTURA,2020,1898666902.0,288847.0,479022189.0,0.0,0.0,6573.261629859407,
VENTURA,2021,1939500626.0,331766.0,573892934.0,0.0,0.0,5845.989721671299,
VENTURA,2022,2142449518.0,334724.0,613975654.0,0.0,0.0,6400.645062798007,
VENTURA,2023,2260431126.0,344734.0,659727919.0,0.0,0.0,6557.029843299471,
YOLO,2012,0.0,0.0,0.0,0.0,0.0,,
YOLO,2013,0.0,0.0,0.0,0.0,0.0,,
YOLO,2014,221910612.0,27634.0,38592474.0,0.0,0.0,8030.3471086342915,
YOLO,2015,223992373.0,31135.0,59790350.0,0.0,0.0,7194.230704994379,
YOLO,2016,263959894.0,31332.0,70105367.0,0.0,0.0,8424.610430231074,
YOLO,2017,279900611.0,31900.0,79316724.0,0.0,0.0,8774.31382445141,
YOLO,2018,296520344.0,32615.0,74206379.0,0.0,0.0,9091.532852981756,
YOLO,2019,308827532.0,33633.0,74805619.0,0.0,0.0,9182.277287188179,
YOLO,2020,325218730.0,30655.0,68480433.0,0.0,0.0,10608.994617517534,
YOLO,2021,346739015.0,31564.0,75539767.0,0.0,0.0,10985.26850209099,
YOLO,2022,356937490.0,32738.0,73978914.0,0.0,0.0,10902.849593744273,
YOLO,2023,363119953.0,34850.0,82333512.0,0.0,0.0,10419.510846484936,
YUBA,2012,0.0,0.0,0.0,0.0,0.0,,
YUBA,2013,0.0,0.0,0.0,0.0,0.0,,
YUBA,2014,288035545.0,51387.0,58391186.0,0.0,0.0,5605.222040593924,
YUBA,2015,276310581.0,49576.0,92852404.0,0.0,0.0,5573.474685331612,
YUBA,2016,337250164.0,51297.0,101188292.0,0.0,0.0,6574.46174240209,
YUBA,2017,351694645.0,52663.0,78998905.0,0.0,0.0,6678.211362816399,
YUBA,2018,349019534.0,53744.0,80206825.0,0.0,0.0,6494.111603155701,
YUBA,2019,807863179.0,81836.0,178321576.0,0.0,0.0,9871.733454714307,
YUBA,2020,235721959.0,56417.0,103815779.0,0.0,0.0,4178.207969229133,
YUBA,2021,452573685.0,64941.0,119525198.0,0.0,0.0,6968.99778260267,
YUBA,2022,493137952.0,54473.0,98531157.0,0.0,0.0,9052.88770583592,
YUBA,2023,473152071.0,54147.0,91556581.0,0.0,0.0,8738.287827580476,
