fips5,year,pqi_mean_rate,ed_admissions,ed_visits,ed_total,ed_admit_rate,medi_cal_share,population,mc_ge_30
06001,2012,220.51875,74677.0,507142.0,581819.0,0.12835091325652823,,,
06001,2013,201.01875,72003.0,504912.0,576915.0,0.12480694729726216,,,
06001,2014,191.29375,70674.0,525820.0,596494.0,0.11848233175857595,,,
06001,2015,190.5875,72626.0,565970.0,638596.0,0.11372761495530821,,,
06001,2016,270.9214285714286,73192.0,574350.0,647542.0,0.11303050612933215,,,
06001,2017,260.15000000000003,74336.0,573109.0,647445.0,0.11481438577794253,,,
06001,2018,239.93571428571428,73500.0,566702.0,640202.0,0.11480751387843212,,,
06001,2019,238.97857142857143,75633.0,565139.0,640772.0,0.11803418376583247,,,
06001,2020,191.27857142857144,68314.0,433225.0,501539.0,0.136208749469134,0.2441958772425684,1682353.0,0.0
06001,2021,196.52857142857144,71220.0,458875.0,530095.0,0.13435327629953123,0.2692008243988509,1669095.0,0.0
06001,2022,211.12857142857143,74506.0,525950.0,600456.0,0.12408236406997349,0.2828077035613492,1648467.0,0.0
06001,2023,225.05,76142.0,559957.0,636099.0,0.11970149300659175,,1657334.0,
06005,2012,197.51875,1720.0,16815.0,18535.0,0.0927974103048287,,,
06005,2013,213.45625,1834.0,17696.0,19530.0,0.0939068100358423,,,
06005,2014,189.0875,1826.0,18813.0,20639.0,0.0884732787441252,,,
06005,2015,207.675,1943.0,20422.0,22365.0,0.08687681645428125,,,
06005,2016,261.2642857142857,1860.0,22002.0,23862.0,0.07794820216243399,,,
06005,2017,256.65,1887.0,21986.0,23873.0,0.07904327064047251,,,
06005,2018,237.04285714285712,1926.0,20806.0,22732.0,0.08472637691360196,,,
06005,2019,230.6142857142857,1850.0,21488.0,23338.0,0.07926986031365156,,,
06005,2020,183.96428571428572,1775.0,19628.0,21403.0,0.08293229921039107,0.1349714219828367,40474.0,0.0
06005,2021,179.72857142857143,1731.0,22161.0,23892.0,0.07245102963335008,0.1500049860390905,40112.0,0.0
06005,2022,201.33571428571423,1820.0,24996.0,26816.0,0.06786992840095465,0.159219222211152,40148.0,0.0
06005,2023,241.80714285714288,2016.0,24918.0,26934.0,0.07484963243484072,,39917.0,
06007,2012,382.1125,22079.0,82260.0,104339.0,0.21160831520332762,,,
06007,2013,318.99375,22993.0,87632.0,110625.0,0.20784632768361583,,,
06007,2014,289.425,23846.0,88953.0,112799.0,0.21140258335623544,,,
06007,2015,316.61875,24719.0,101574.0,126293.0,0.1957273958176621,,,
06007,2016,364.1857142857143,25763.0,105393.0,131156.0,0.19643020525176128,,,
06007,2017,381.1,27124.0,105169.0,132293.0,0.20502974458210185,,,
06007,2018,365.9428571428571,28152.0,101262.0,129414.0,0.21753442440539664,,,
06007,2019,397.6,27208.0,82269.0,109477.0,0.24852708788147282,,,
06007,2020,347.5,24995.0,66698.0,91693.0,0.27259441833073406,0.3403955135959275,211632.0,1.0
06007,2021,363.54285714285714,25387.0,68866.0,94253.0,0.26934951672625806,0.3678301269404371,207814.0,1.0
06007,2022,345.04285714285714,23519.0,76030.0,99549.0,0.23625551236074696,0.381049225679767,206762.0,1.0
06007,2023,289.6,22414.0,80772.0,103186.0,0.21721939022735642,,206884.0,
06009,2012,215.98125,1125.0,7650.0,8775.0,0.1282051282051282,,,
06009,2013,208.94375,1106.0,8584.0,9690.0,0.11413828689370485,,,
06009,2014,194.23125,1019.0,9744.0,10763.0,0.09467620551890736,,,
06009,2015,183.68125,874.0,11272.0,12146.0,0.07195784620451177,,,
06009,2016,222.15714285714284,845.0,12469.0,13314.0,0.06346702718942467,,,
06009,2017,263.1142857142857,770.0,12196.0,12966.0,0.059386086688261605,,,
06009,2018,231.75714285714284,768.0,10856.0,11624.0,0.06607019958706126,,,
06009,2019,236.32857142857145,827.0,10150.0,10977.0,0.07533934590507424,,,
06009,2020,200.70714285714288,818.0,9347.0,10165.0,0.08047220855878012,0.2504838970826341,45292.0,0.0
06009,2021,184.1357142857143,835.0,9930.0,10765.0,0.07756618671620993,0.266865561694291,45250.0,0.0
06009,2022,204.42142857142855,727.0,10190.0,10917.0,0.0665933864614821,0.2893376581059865,45012.0,0.0
06009,2023,172.10714285714286,721.0,9997.0,10718.0,0.06727001306213846,,44890.0,
06011,2012,301.39375,604.0,5323.0,5927.0,0.10190652944153872,,,
06011,2013,260.1,536.0,5623.0,6159.0,0.08702711479136223,,,
06011,2014,253.80625,497.0,6489.0,6986.0,0.07114228456913828,,,
06011,2015,261.1125,440.0,6907.0,7347.0,0.05988838981897373,,,
06011,2016,304.4785714285714,86.0,2118.0,2204.0,0.03901996370235935,,,
06011,2017,327.64285714285717,34.0,0.0,34.0,1.0,,,
06011,2018,486.06428571428575,570.0,6308.0,6878.0,0.08287292817679558,,,
06011,2019,445.5357142857143,664.0,6163.0,6827.0,0.09726087593379229,,,
06011,2020,394.6,494.0,4397.0,4891.0,0.10100184011449602,0.3257818581436879,21839.0,1.0
06011,2021,371.12857142857143,516.0,4359.0,4875.0,0.10584615384615384,0.3301512446011324,21841.0,1.0
06011,2022,302.37857142857143,441.0,5133.0,5574.0,0.07911733046286329,0.3503854399489121,21923.0,1.0
06011,2023,343.2,451.0,4792.0,5243.0,0.08601945451077628,,21797.0,
06013,2012,231.99375,49599.0,313870.0,363469.0,0.13646005574065465,,,
06013,2013,208.63125,48907.0,312112.0,361019.0,0.13546932432919043,,,
06013,2014,197.38125,46861.0,317168.0,364029.0,0.128728755126652,,,
06013,2015,203.475,47845.0,319015.0,366860.0,0.1304175979937851,,,
06013,2016,309.7142857142857,43877.0,316931.0,360808.0,0.12160761402186204,,,
06013,2017,298.4642857142857,45835.0,317150.0,362985.0,0.12627243550008954,,,
06013,2018,277.5571428571429,45686.0,312575.0,358261.0,0.12752155551399677,,,
06013,2019,276.14285714285717,45574.0,318180.0,363754.0,0.12528796934191788,,,
06013,2020,221.0142857142857,41038.0,245420.0,286458.0,0.14326009397538209,0.228341196890257,1165927.0,0.0
06013,2021,233.29285714285712,44534.0,285033.0,329567.0,0.13512882054331896,0.2532380481938061,1164050.0,0.0
06013,2022,246.3142857142857,47386.0,329560.0,376946.0,0.12571031394417237,0.2683495140584308,1154254.0,0.0
06013,2023,227.02142857142857,45827.0,341425.0,387252.0,0.11833896274260688,,1150306.0,
06015,2012,251.38125,1725.0,19764.0,21489.0,0.08027362836800224,,,
06015,2013,274.90625,1852.0,18660.0,20512.0,0.09028861154446177,,,
06015,2014,222.7,1719.0,17871.0,19590.0,0.08774885145482389,,,
06015,2015,194.2875,1634.0,19258.0,20892.0,0.07821175569596017,,,
06015,2016,146.95714285714286,1632.0,19705.0,21337.0,0.07648685382199934,,,
06015,2017,168.58571428571432,1741.0,18575.0,20316.0,0.08569600315022642,,,
06015,2018,172.90714285714284,1789.0,17334.0,19123.0,0.09355226690372849,,,
06015,2019,155.42857142857142,1879.0,17476.0,19355.0,0.0970808576595195,,,
06015,2020,120.96428571428572,1364.0,13317.0,14681.0,0.09290920237041074,0.3034669406096433,27743.0,1.0
06015,2021,118.27857142857144,1431.0,13440.0,14871.0,0.096227556990115,0.324739014323865,27460.0,1.0
06015,2022,135.77857142857144,1565.0,16746.0,18311.0,0.08546775162470646,0.3508938077199237,26926.0,1.0
06015,2023,168.91428571428574,1530.0,17032.0,18562.0,0.08242646266566103,,26596.0,
06017,2012,158.375,5521.0,36786.0,42307.0,0.13049849906634836,,,
06017,2013,152.08125,5363.0,39427.0,44790.0,0.11973654833668229,,,
06017,2014,141.14375,5036.0,41326.0,46362.0,0.10862344161166472,,,
06017,2015,155.03125,5383.0,43574.0,48957.0,0.10995363277978634,,,
06017,2016,229.52857142857144,5359.0,43225.0,48584.0,0.11030380372138976,,,
06017,2017,266.4428571428571,5146.0,41908.0,47054.0,0.10936370978025248,,,
06017,2018,258.5285714285714,5431.0,44374.0,49805.0,0.10904527657865676,,,
06017,2019,242.97857142857143,5513.0,43560.0,49073.0,0.11234283618282966,,,
06017,2020,206.44285714285715,4951.0,35169.0,40120.0,0.1234047856430708,0.1853658323961956,191185.0,0.0
06017,2021,196.84285714285716,4938.0,39064.0,44002.0,0.1122221717194673,0.2023122798025915,191211.0,0.0
06017,2022,214.3642857142857,4915.0,44162.0,49077.0,0.10014874584836074,0.2076954834014698,190549.0,0.0
06017,2023,196.3928571428571,4531.0,46763.0,51294.0,0.08833391819706009,,188063.0,
06019,2012,307.53125,46222.0,209217.0,255439.0,0.1809512251457295,,,
06019,2013,304.725,46413.0,234516.0,280929.0,0.16521256260478626,,,
06019,2014,281.5875,45465.0,253959.0,299424.0,0.15184153574863737,,,
06019,2015,289.3625,47757.0,278770.0,326527.0,0.1462574304728246,,,
06019,2016,321.6642857142857,49502.0,276939.0,326441.0,0.15164149111171696,,,
06019,2017,322.82857142857137,55242.0,294700.0,349942.0,0.15786044544524522,,,
06019,2018,310.75714285714287,56677.0,291371.0,348048.0,0.16284248149680502,,,
06019,2019,314.67142857142863,57108.0,295029.0,352137.0,0.1621755169152915,,,
06019,2020,279.2642857142857,54840.0,247174.0,302014.0,0.18158098631189282,0.4727469313890921,1008654.0,1.0
06019,2021,276.85714285714283,60048.0,257450.0,317498.0,0.18912875041732546,0.5077337413889622,1008686.0,1.0
06019,2022,310.15000000000003,63499.0,296483.0,359982.0,0.17639493085765398,0.5216558831761084,1012350.0,1.0
06019,2023,244.1428571428571,66536.0,307394.0,373930.0,0.17793704704089,,1015633.0,
06021,2012,286.04375,296.0,5174.0,5470.0,0.054113345521023766,,,
06021,2013,295.7375,166.0,5130.0,5296.0,0.03134441087613293,,,
06021,2014,312.4375,228.0,4895.0,5123.0,0.0445051727503416,,,
06021,2015,343.875,206.0,5588.0,5794.0,0.035554021401449774,,,
06021,2016,432.4071428571429,203.0,6520.0,6723.0,0.03019485348802618,,,
06021,2017,457.61428571428576,174.0,6361.0,6535.0,0.026625860749808723,,,
06021,2018,432.06428571428575,171.0,5748.0,5919.0,0.02889001520527116,,,
06021,2019,439.0357142857143,117.0,5703.0,5820.0,0.020103092783505156,,,
06021,2020,325.40000000000003,68.0,4539.0,4607.0,0.014760147601476014,0.3157312307639105,28917.0,1.0
06021,2021,352.89285714285717,169.0,5165.0,5334.0,0.031683539557555304,0.3349007495835647,28816.0,1.0
06021,2022,341.34285714285716,220.0,6404.0,6624.0,0.03321256038647343,0.3518267929634641,28821.0,1.0
06021,2023,317.57142857142856,146.0,6152.0,6298.0,0.0231819625277866,,28442.0,
06023,2012,218.3375,5970.0,48397.0,54367.0,0.10980925929332132,,,
06023,2013,219.41875,6254.0,56312.0,62566.0,0.09995844388325928,,,
06023,2014,212.44375,6870.0,55033.0,61903.0,0.11098008174078801,,,
06023,2015,222.09375,6668.0,58277.0,64945.0,0.10267149126183694,,,
06023,2016,229.04285714285712,7212.0,59770.0,66982.0,0.1076707175061957,,,
06023,2017,212.78571428571428,7454.0,58374.0,65828.0,0.11323448988272468,,,
06023,2018,218.8571428571429,7341.0,54930.0,62271.0,0.11788794141735318,,,
06023,2019,226.78571428571428,7634.0,54493.0,62127.0,0.12287733191687994,,,
06023,2020,166.42857142857142,6345.0,44958.0,51303.0,0.12367697795450558,0.3651178952048052,136463.0,1.0
06023,2021,170.04285714285714,6230.0,47236.0,53466.0,0.11652264990835297,0.4066754258410406,135477.0,1.0
06023,2022,170.7214285714286,6339.0,53712.0,60051.0,0.10556027376729779,0.4254269210520461,134861.0,1.0
06023,2023,138.80714285714288,6235.0,54160.0,60395.0,0.10323702293236195,,134566.0,
06025,2012,329.7,7492.0,81149.0,88641.0,0.08452070712198644,,,
06025,2013,279.19375,6438.0,84254.0,90692.0,0.07098751819344595,,,
06025,2014,220.63125,5655.0,87515.0,93170.0,0.06069550284426317,,,
06025,2015,214.99375,6462.0,90727.0,97189.0,0.06648900595746432,,,
06025,2016,212.8857142857143,6629.0,90303.0,96932.0,0.06838814839268766,,,
06025,2017,214.80714285714288,7081.0,90316.0,97397.0,0.0727024446338183,,,
06025,2018,206.59285714285716,7161.0,84262.0,91423.0,0.07832821062533499,,,
06025,2019,198.97857142857143,7051.0,82847.0,89898.0,0.07843333555807692,,,
06025,2020,149.80714285714288,6458.0,66257.0,72715.0,0.08881248710719934,0.512467863462844,179702.0,1.0
06025,2021,143.14285714285714,7347.0,67136.0,74483.0,0.09863995811124686,0.5333160660993411,180496.0,1.0
06025,2022,165.35714285714286,7387.0,76958.0,84345.0,0.08758076945877052,0.5613129519288753,180753.0,1.0
06025,2023,181.62142857142857,6775.0,72415.0,79190.0,0.08555373153175906,,181361.0,
06027,2012,157.1875,562.0,8851.0,9413.0,0.059704663762881124,,,
06027,2013,119.0,488.0,8420.0,8908.0,0.05478221823080377,,,
06027,2014,148.7,549.0,8869.0,9418.0,0.05829263113187513,,,
06027,2015,131.96875,635.0,9362.0,9997.0,0.06351905571671501,,,
06027,2016,125.13571428571429,617.0,10426.0,11043.0,0.0558724984152857,,,
06027,2017,197.20714285714288,677.0,10731.0,11408.0,0.05934431977559607,,,
06027,2018,200.52142857142857,680.0,10105.0,10785.0,0.0630505331478906,,,
06027,2019,241.57142857142856,717.0,9765.0,10482.0,0.06840297653119634,,,
06027,2020,188.30714285714288,624.0,7594.0,8218.0,0.07593088342662448,0.1860231734679568,19016.0,0.0
06027,2021,152.81428571428572,618.0,8416.0,9034.0,0.06840823555457162,0.191778175815685,18982.0,0.0
06027,2022,119.42142857142858,563.0,9969.0,10532.0,0.053456133687808584,0.1935503761252928,18921.0,0.0
06027,2023,152.1142857142857,578.0,10495.0,11073.0,0.05219904271651766,,18896.0,
06029,2012,343.0375,40022.0,276347.0,316369.0,0.12650417708435402,,,
06029,2013,326.65,39535.0,286768.0,326303.0,0.12116039386704995,,,
06029,2014,299.36875000000003,39600.0,304854.0,344454.0,0.11496455259628281,,,
06029,2015,310.95625,37951.0,318630.0,356581.0,0.10643023604734969,,,
06029,2016,268.6642857142857,38206.0,329727.0,367933.0,0.1038395577455678,,,
06029,2017,279.31428571428575,39557.0,326912.0,366469.0,0.10794091723993025,,,
06029,2018,247.77142857142857,38670.0,332771.0,371441.0,0.10410805484585708,,,
06029,2019,260.10714285714283,41770.0,340452.0,382222.0,0.10928204028025598,,,
06029,2020,216.40714285714284,41233.0,272825.0,314058.0,0.13129103541384077,0.462461483188248,909235.0,1.0
06029,2021,198.43571428571428,45516.0,297047.0,342563.0,0.13286899052145154,0.5081380689723164,906122.0,1.0
06029,2022,201.52142857142857,42396.0,302646.0,345042.0,0.12287199819152451,0.529307540501685,910744.0,1.0
06029,2023,225.04285714285712,41605.0,325091.0,366696.0,0.11345910508977464,,909221.0,
06031,2012,337.8125,8850.0,101763.0,110613.0,0.08000867890754251,,,
06031,2013,325.4875,7624.0,101427.0,109051.0,0.06991224289552594,,,
06031,2014,275.23125,7172.0,106237.0,113409.0,0.0632401308538123,,,
06031,2015,274.3125,7351.0,114601.0,121952.0,0.06027781422198898,,,
06031,2016,335.34285714285716,7410.0,117483.0,124893.0,0.05933078715380365,,,
06031,2017,316.2,6915.0,115620.0,122535.0,0.0564328559187171,,,
06031,2018,268.90714285714284,6476.0,106876.0,113352.0,0.057131766532571106,,,
06031,2019,285.7714285714286,6502.0,103066.0,109568.0,0.059342143691588786,,,
06031,2020,244.5,6547.0,81997.0,88544.0,0.07394063968196603,0.3760820665503718,152486.0,1.0
06031,2021,236.62857142857143,6949.0,80442.0,87391.0,0.07951619732009017,0.4006904064158623,151167.0,1.0
06031,2022,255.05,5965.0,92128.0,98093.0,0.060809639831588394,0.4096624780861983,151921.0,1.0
06031,2023,196.59285714285716,5726.0,94386.0,100112.0,0.057195940546587824,,151980.0,
06033,2012,346.25,2529.0,33566.0,36095.0,0.070065105970356,,,
06033,2013,335.10625,2479.0,34458.0,36937.0,0.06711427565855375,,,
06033,2014,290.20625,2048.0,36077.0,38125.0,0.05371803278688524,,,
06033,2015,287.14375,2272.0,38870.0,41142.0,0.055223372709153666,,,
06033,2016,369.0214285714286,2404.0,39850.0,42254.0,0.056894021867752165,,,
06033,2017,282.65714285714284,2365.0,40404.0,42769.0,0.055297060955364866,,,
06033,2018,296.89285714285717,2607.0,40316.0,42923.0,0.06073666798686019,,,
06033,2019,312.42142857142863,2632.0,41105.0,43737.0,0.06017788142762421,,,
06033,2020,200.42857142857144,2252.0,32551.0,34803.0,0.06470706548286068,0.3925296715226736,68163.0,1.0
06033,2021,183.87142857142857,2251.0,34622.0,36873.0,0.061047378840886284,0.4586816767667832,67821.0,1.0
06033,2022,186.2642857142857,2087.0,39002.0,41089.0,0.05079218282265326,0.4826427881868511,67676.0,1.0
06033,2023,195.27142857142857,2247.0,38851.0,41098.0,0.05467419339140591,,66964.0,
06035,2012,234.9375,885.0,9149.0,10034.0,0.0882001195933825,,,
06035,2013,236.58125,815.0,9416.0,10231.0,0.07965985729645196,,,
06035,2014,235.55625,863.0,9770.0,10633.0,0.08116241888460453,,,
06035,2015,245.6625,790.0,10917.0,11707.0,0.06748099427692833,,,
06035,2016,241.7357142857143,633.0,11289.0,11922.0,0.053095118268746855,,,
06035,2017,245.40714285714284,637.0,11020.0,11657.0,0.05464527751565583,,,
06035,2018,211.15,647.0,10325.0,10972.0,0.05896828290193219,,,
06035,2019,196.58571428571432,708.0,10562.0,11270.0,0.06282165039929015,,,
06035,2020,134.9,556.0,9100.0,9656.0,0.05758077879038939,0.2121295447601588,32730.0,0.0
06035,2021,146.11428571428573,608.0,9633.0,10241.0,0.059369202226345084,0.2553362997356033,31014.0,0.0
06035,2022,170.0,604.0,10145.0,10749.0,0.05619127360684715,0.2810844569351043,29889.0,0.0
06035,2023,115.53571428571428,568.0,10230.0,10798.0,0.052602333765512134,,28475.0,
06037,2012,281.5375,545157.0,2618984.0,3164141.0,0.17229225878366355,,,
06037,2013,261.71875,524728.0,2688195.0,3212923.0,0.1633179506636169,,,
06037,2014,248.08125,524807.0,2827486.0,3352293.0,0.15655164987070044,,,
06037,2015,248.03749999999997,544261.0,3010220.0,3554481.0,0.15311968188886085,,,
06037,2016,308.3,544427.0,3136727.0,3681154.0,0.14789574138979245,,,
06037,2017,296.99285714285713,546072.0,3254483.0,3800555.0,0.14368217273529788,,,
06037,2018,277.45,547210.0,3238050.0,3785260.0,0.1445633853420901,,,
06037,2019,279.09285714285716,551667.0,3283944.0,3835611.0,0.14382767178423464,,,
06037,2020,212.62857142857143,498268.0,2418500.0,2916768.0,0.1708288077762784,0.3814301544965657,10014009.0,1.0
06037,2021,216.8928571428571,518856.0,2590102.0,3108958.0,0.1668906431029303,0.4139959555248879,9966353.0,1.0
06037,2022,237.52142857142857,530435.0,2906065.0,3436500.0,0.1543532664047723,0.4335122352657336,9870212.0,1.0
06037,2023,222.32142857142856,542694.0,3032255.0,3574949.0,0.15180468308778672,,9834286.0,
06039,2012,237.075,10301.0,113956.0,124257.0,0.08290076213010132,,,
06039,2013,249.58125,9715.0,121704.0,131419.0,0.07392386184646056,,,
06039,2014,233.56875,10294.0,130627.0,140921.0,0.07304801981251907,,,
06039,2015,235.46875,10985.0,149922.0,160907.0,0.06826924869645198,,,
06039,2016,235.15,10225.0,151155.0,161380.0,0.06335977196678647,,,
06039,2017,249.75,10146.0,145838.0,155984.0,0.06504513283413683,,,
06039,2018,243.94285714285712,10119.0,135995.0,146114.0,0.0692541440245288,,,
06039,2019,222.8571428571429,10153.0,131458.0,141611.0,0.07169640776493351,,,
06039,2020,210.92142857142855,8261.0,91305.0,99566.0,0.08297009019143081,0.4514644864697663,156255.0,1.0
06039,2021,212.8857142857143,8669.0,102214.0,110883.0,0.07818150663311779,0.4604112378110854,156187.0,1.0
06039,2022,235.62142857142857,9181.0,109391.0,118572.0,0.0774297473265189,0.48046844447263,157685.0,1.0
06039,2023,207.17142857142855,6104.0,81536.0,87640.0,0.06964856230031949,,158266.0,
06041,2012,115.8625,10562.0,63290.0,73852.0,0.1430157612522342,,,
06041,2013,108.35625,10315.0,67042.0,77357.0,0.13334281319079075,,,
06041,2014,94.40625,9094.0,66027.0,75121.0,0.12105802638410032,,,
06041,2015,103.64375,9440.0,68929.0,78369.0,0.12045579246896095,,,
06041,2016,184.57857142857145,9644.0,68982.0,78626.0,0.12265662757866355,,,
06041,2017,173.18571428571428,10491.0,69193.0,79684.0,0.13165754731188192,,,
06041,2018,165.8642857142857,10119.0,68284.0,78403.0,0.1290639388798898,,,
06041,2019,149.67142857142858,9776.0,71477.0,81253.0,0.12031555757941245,,,
06041,2020,117.45,8579.0,55431.0,64010.0,0.13402593344789876,0.172964294382328,262321.0,0.0
06041,2021,124.09285714285714,9494.0,64843.0,74337.0,0.12771567321791302,0.1949656942650345,260112.0,0.0
06041,2022,146.0,10535.0,72673.0,83208.0,0.1266104220748005,0.207119614936793,256512.0,0.0
06041,2023,118.52142857142856,11861.0,78503.0,90364.0,0.13125802310654686,,254861.0,
06043,2012,171.8875,138.0,5044.0,5182.0,0.026630644538788113,,,
06043,2013,170.6,128.0,4919.0,5047.0,0.025361600951060034,,,
06043,2014,175.81875000000002,153.0,5412.0,5565.0,0.027493261455525605,,,
06043,2015,199.6,159.0,5844.0,6003.0,0.026486756621689155,,,
06043,2016,213.22142857142856,139.0,6036.0,6175.0,0.022510121457489877,,,
06043,2017,221.1071428571429,116.0,7000.0,7116.0,0.016301292861157952,,,
06043,2018,211.97857142857143,251.0,6630.0,6881.0,0.036477256212759775,,,
06043,2019,290.8285714285714,295.0,6518.0,6813.0,0.043299574343167474,,,
06043,2020,249.93571428571428,356.0,5385.0,5741.0,0.06201010276955234,0.1666812600937871,17131.0,0.0
06043,2021,200.54285714285712,280.0,5610.0,5890.0,0.04753820033955857,0.2099691394195086,17066.0,0.0
06043,2022,185.20714285714288,207.0,6498.0,6705.0,0.03087248322147651,0.2819025749725231,16984.0,0.0
06043,2023,204.46428571428572,230.0,6744.0,6974.0,0.032979638657872096,,16964.0,
06045,2012,210.46875,4004.0,39108.0,43112.0,0.09287437372425311,,,
06045,2013,198.975,3891.0,39025.0,42916.0,0.09066548606580296,,,
06045,2014,196.8375,3752.0,39099.0,42851.0,0.08755921682107769,,,
06045,2015,164.95625,3528.0,46394.0,49922.0,0.07067024558310965,,,
06045,2016,195.45,3430.0,49784.0,53214.0,0.06445672191528545,,,
06045,2017,204.25714285714284,3558.0,50748.0,54306.0,0.06551762236216993,,,
06045,2018,221.3642857142857,3963.0,50780.0,54743.0,0.07239281734651005,,,
06045,2019,211.03571428571428,4009.0,53103.0,57112.0,0.07019540551898025,,,
06045,2020,176.60714285714286,3883.0,42718.0,46601.0,0.08332439218042531,0.3889386214852093,91601.0,1.0
06045,2021,140.05,3748.0,46569.0,50317.0,0.07448774767971063,0.4270420882827394,90920.0,1.0
06045,2022,157.87857142857143,3503.0,52762.0,56265.0,0.06225895316804408,0.4354742262333204,90305.0,1.0
06045,2023,146.7357142857143,3670.0,52540.0,56210.0,0.0652908735100516,,89887.0,
06047,2012,282.45625,6511.0,81049.0,87560.0,0.07436043855641845,,,
06047,2013,281.29375,6636.0,82662.0,89298.0,0.07431297453470402,,,
06047,2014,265.5,6519.0,89719.0,96238.0,0.06773831542633887,,,
06047,2015,314.45625,7461.0,97736.0,105197.0,0.07092407578162875,,,
06047,2016,386.6071428571428,9024.0,95043.0,104067.0,0.08671336734988036,,,
06047,2017,421.0142857142857,9631.0,95345.0,104976.0,0.09174477975918305,,,
06047,2018,412.0142857142857,9948.0,89511.0,99459.0,0.10002111422797333,,,
06047,2019,374.5285714285714,8748.0,86558.0,95306.0,0.09178855476045579,,,
06047,2020,286.0642857142857,8248.0,68792.0,77040.0,0.10706126687435098,0.4749183860712228,281202.0,1.0
06047,2021,306.0,9128.0,74974.0,84102.0,0.10853487431927897,0.5137634171863089,281604.0,1.0
06047,2022,303.40714285714284,8755.0,84128.0,92883.0,0.09425836805443408,0.5292852908887478,285109.0,1.0
06047,2023,233.55,8763.0,89983.0,98746.0,0.08874283515281632,,286869.0,
06049,2012,236.55,169.0,4203.0,4372.0,0.038655077767612074,,,
06049,2013,218.075,188.0,4146.0,4334.0,0.04337794185509922,,,
06049,2014,156.03125,144.0,4169.0,4313.0,0.03338743334106191,,,
06049,2015,197.63125,163.0,4670.0,4833.0,0.033726463894061656,,,
06049,2016,156.20714285714286,146.0,4450.0,4596.0,0.03176675369886858,,,
06049,2017,151.5,153.0,5036.0,5189.0,0.029485449990364232,,,
06049,2018,138.14285714285714,174.0,5023.0,5197.0,0.03348085433904176,,,
06049,2019,159.37857142857143,249.0,5007.0,5256.0,0.04737442922374429,,,
06049,2020,157.04285714285714,218.0,4389.0,4607.0,0.04731929672237899,0.2386015325670498,8700.0,0.0
06049,2021,101.71428571428572,219.0,5214.0,5433.0,0.04030922142462728,0.2326380819583236,8606.0,0.0
06049,2022,112.32142857142856,220.0,6136.0,6356.0,0.034612964128382634,0.2553754033982658,8573.0,0.0
06049,2023,130.37142857142857,207.0,5747.0,5954.0,0.03476654350016795,,8527.0,
06051,2012,40.5125,362.0,7371.0,7733.0,0.046812362601836285,,,
06051,2013,52.150000000000006,407.0,7809.0,8216.0,0.04953748782862707,,,
06051,2014,71.325,287.0,7457.0,7744.0,0.03706095041322314,,,
06051,2015,49.0375,319.0,8149.0,8468.0,0.03767123287671233,,,
06051,2016,92.55714285714284,400.0,9153.0,9553.0,0.041871663351826655,,,
06051,2017,88.67142857142858,456.0,8538.0,8994.0,0.050700466977985324,,,
06051,2018,79.35000000000001,403.0,10045.0,10448.0,0.03857197549770291,,,
06051,2019,119.42857142857144,478.0,10250.0,10728.0,0.044556301267710666,,,
06051,2020,121.09285714285714,402.0,8087.0,8489.0,0.04735540110731535,0.1375584185929013,13195.0,0.0
06051,2021,96.17857142857144,453.0,9416.0,9869.0,0.04590130712331543,0.1539496626487757,13191.0,0.0
06051,2022,95.8,428.0,11228.0,11656.0,0.036719286204529855,0.1629776624433928,13102.0,0.0
06051,2023,81.32142857142857,392.0,10799.0,11191.0,0.03502814761862211,,13178.0,
06053,2012,202.98125,17601.0,127904.0,145505.0,0.12096491529500704,,,
06053,2013,203.9,17638.0,133477.0,151115.0,0.11671905502431923,,,
06053,2014,173.77499999999998,16716.0,143595.0,160311.0,0.1042723206766847,,,
06053,2015,186.78125,18856.0,157135.0,175991.0,0.1071418424805814,,,
06053,2016,255.1071428571429,20665.0,155688.0,176353.0,0.11717974743837643,,,
06053,2017,276.9785714285714,23584.0,159207.0,182791.0,0.1290216695570351,,,
06053,2018,283.9857142857143,21065.0,148464.0,169529.0,0.12425602699243198,,,
06053,2019,296.29285714285714,26919.0,148870.0,175789.0,0.15313244856049013,,,
06053,2020,225.87857142857143,24233.0,119823.0,144056.0,0.16821930360415394,0.3923033850756014,439035.0,1.0
06053,2021,226.42142857142855,25319.0,131829.0,157148.0,0.16111563621554204,0.4450261261446619,437429.0,1.0
06053,2022,252.05714285714288,27321.0,162142.0,189463.0,0.1442022980740303,0.4555637250410765,436584.0,1.0
06053,2023,245.55,28099.0,167790.0,195889.0,0.14344348074674942,,436972.0,
06055,2012,200.425,5835.0,30894.0,36729.0,0.15886629094176263,,,
06055,2013,186.7125,5656.0,31783.0,37439.0,0.15107241112209194,,,
06055,2014,181.38125,5119.0,32154.0,37273.0,0.13733801947790625,,,
06055,2015,158.64375,4731.0,34733.0,39464.0,0.11988141090614231,,,
06055,2016,258.6714285714286,5155.0,33307.0,38462.0,0.13402839165930008,,,
06055,2017,242.52142857142857,5261.0,32600.0,37861.0,0.1389556535749188,,,
06055,2018,243.3928571428571,5208.0,32246.0,37454.0,0.1390505686976024,,,
06055,2019,228.03571428571428,5155.0,32471.0,37626.0,0.13700632541327806,,,
06055,2020,158.32857142857142,4284.0,24807.0,29091.0,0.1472620398061256,0.2012265219522915,138019.0,0.0
06055,2021,158.0,4752.0,27182.0,31934.0,0.14880691426066261,0.2331438373126283,137294.0,0.0
06055,2022,178.37857142857143,4715.0,31444.0,36159.0,0.13039630520755552,0.2481858851187365,135833.0,0.0
06055,2023,183.57857142857145,4826.0,33376.0,38202.0,0.12632846447829957,,134992.0,
06057,2012,171.5375,4895.0,35146.0,40041.0,0.12224969406358482,,,
06057,2013,178.175,4781.0,36578.0,41359.0,0.11559757247515656,,,
06057,2014,164.91875,4785.0,38509.0,43294.0,0.11052339816140805,,,
06057,2015,177.775,4814.0,39114.0,43928.0,0.10958841741030778,,,
06057,2016,217.3,4862.0,39879.0,44741.0,0.10866990009163854,,,
06057,2017,204.5142857142857,4937.0,36534.0,41471.0,0.11904704492295821,,,
06057,2018,208.16428571428577,5117.0,34687.0,39804.0,0.12855491910360767,,,
06057,2019,228.3,4911.0,35905.0,40816.0,0.1203204625637005,,,
06057,2020,168.72142857142856,4498.0,31533.0,36031.0,0.12483694596319836,0.2349041317410171,102241.0,0.0
06057,2021,166.84285714285716,4857.0,33599.0,38456.0,0.12630018722696068,0.2564825235275889,102185.0,0.0
06057,2022,173.20714285714286,4561.0,33160.0,37721.0,0.12091407969035815,0.2656467887494408,101352.0,0.0
06057,2023,141.65714285714287,4748.0,37094.0,41842.0,0.1134744993069165,,100608.0,
06059,2012,194.14375,145683.0,695937.0,841620.0,0.17309831040136878,,,
06059,2013,181.61875,141828.0,719430.0,861258.0,0.16467539343611323,,,
06059,2014,167.45625,140815.0,771714.0,912529.0,0.15431290402825554,,,
06059,2015,168.475,149975.0,815438.0,965413.0,0.15534802203823647,,,
06059,2016,240.65714285714284,152402.0,832740.0,985142.0,0.15470054063272096,,,
06059,2017,236.97857142857143,153358.0,859619.0,1012977.0,0.15139336826008884,,,
06059,2018,223.3,154945.0,840358.0,995303.0,0.15567621116383654,,,
06059,2019,220.96428571428572,159848.0,860396.0,1020244.0,0.15667624607446845,,,
06059,2020,167.41428571428574,145994.0,670188.0,816182.0,0.1788743196983026,0.2681046802065104,3186989.0,0.0
06059,2021,164.27857142857144,151832.0,732468.0,884300.0,0.17169738776433338,0.2988196855952933,3174592.0,0.0
06059,2022,180.9928571428571,157360.0,832249.0,989609.0,0.1590122967757973,0.3118603294241159,3159797.0,1.0
06059,2023,199.3928571428571,167230.0,854579.0,1021809.0,0.1636607232858587,,3156200.0,
06061,2012,147.625,23316.0,152064.0,175380.0,0.13294560383167978,,,
06061,2013,143.81875,23106.0,156932.0,180038.0,0.12833957275686245,,,
06061,2014,123.1875,21738.0,168392.0,190130.0,0.1143322989533477,,,
06061,2015,135.6875,22766.0,176873.0,199639.0,0.11403583468160029,,,
06061,2016,250.72142857142856,25633.0,186690.0,212323.0,0.12072644037621925,,,
06061,2017,230.07142857142856,26857.0,198677.0,225534.0,0.11908182358314046,,,
06061,2018,213.0142857142857,27572.0,204456.0,232028.0,0.1188304859758305,,,
06061,2019,216.55714285714288,28671.0,210491.0,239162.0,0.11988108478771711,,,
06061,2020,185.15714285714284,28317.0,172364.0,200681.0,0.1411045390445533,0.1479224883196331,404739.0,0.0
06061,2021,191.83571428571423,31761.0,202594.0,234355.0,0.13552516481406413,0.1651243282705022,407282.0,0.0
06061,2022,204.17857142857144,33015.0,226325.0,259340.0,0.12730392534896276,0.1739119121268007,409924.0,0.0
06061,2023,203.33571428571432,36245.0,237438.0,273683.0,0.1324342396129829,,410319.0,
06063,2012,206.88125,657.0,9149.0,9806.0,0.06699979604323883,,,
06063,2013,194.30625,628.0,8819.0,9447.0,0.06647612998835609,,,
06063,2014,227.35,625.0,9547.0,10172.0,0.061443177349587104,,,
06063,2015,209.0,672.0,10256.0,10928.0,0.06149341142020498,,,
06063,2016,286.15,644.0,11286.0,11930.0,0.053981559094719196,,,
06063,2017,226.3928571428571,557.0,10973.0,11530.0,0.04830875975715525,,,
06063,2018,293.7857142857143,665.0,11090.0,11755.0,0.056571671629094,,,
06063,2019,227.70714285714288,657.0,11105.0,11762.0,0.05585784730488012,,,
06063,2020,167.06428571428572,439.0,8956.0,9395.0,0.04672698243746674,0.1509390264443321,19790.0,0.0
06063,2021,121.50714285714284,482.0,9459.0,9941.0,0.04848606780002012,0.1623393686637507,19662.0,0.0
06063,2022,132.11428571428573,444.0,10602.0,11046.0,0.040195545898967955,0.1728567487412925,19332.0,0.0
06063,2023,151.17142857142858,411.0,10618.0,11029.0,0.03726539124127301,,18988.0,
06065,2012,243.275,98725.0,604872.0,703597.0,0.14031469719171627,,,
06065,2013,243.5125,102554.0,629511.0,732065.0,0.14008865332996387,,,
06065,2014,229.66875,105349.0,678504.0,783853.0,0.13439892428809994,,,
06065,2015,234.175,112504.0,743201.0,855705.0,0.1314752163420805,,,
06065,2016,296.5571428571429,114094.0,777343.0,891437.0,0.12798885395154116,,,
06065,2017,283.1142857142857,117048.0,801110.0,918158.0,0.1274813267433274,,,
06065,2018,278.48571428571427,123468.0,788667.0,912135.0,0.1353615418770248,,,
06065,2019,285.43571428571425,125408.0,817173.0,942581.0,0.1330474516248471,,,
06065,2020,234.34285714285716,117636.0,634860.0,752496.0,0.15632774127703006,0.3542425758712974,2418185.0,1.0
06065,2021,229.82142857142856,127842.0,700918.0,828760.0,0.1542569622086008,0.3850118726843244,2423069.0,1.0
06065,2022,251.59285714285716,133856.0,806057.0,939913.0,0.14241318079439266,0.4002561407398587,2435510.0,1.0
06065,2023,233.20714285714288,138746.0,812508.0,951254.0,0.14585589127614706,,2467690.0,
06067,2012,212.36875,70556.0,432372.0,502928.0,0.14029045907167625,,,
06067,2013,219.3875,74245.0,444491.0,518736.0,0.14312675426421148,,,
06067,2014,223.35,77601.0,490194.0,567795.0,0.13667080548437377,,,
06067,2015,228.675,77975.0,536549.0,614524.0,0.12688682622647773,,,
06067,2016,258.5285714285714,77495.0,548237.0,625732.0,0.12384695045163105,,,
06067,2017,278.0857142857143,81439.0,558204.0,639643.0,0.12731945788510154,,,
06067,2018,267.55,80458.0,545956.0,626414.0,0.12844221233880468,,,
06067,2019,259.43571428571425,80574.0,559276.0,639850.0,0.12592638899742126,,,
06067,2020,211.9,76201.0,444967.0,521168.0,0.14621197003653333,0.3432605388035957,1585055.0,1.0
06067,2021,223.53571428571428,83474.0,481516.0,564990.0,0.14774420786208606,0.3733267052964845,1581162.0,1.0
06067,2022,231.85,85039.0,509005.0,594044.0,0.14315269575991005,0.3907763041578562,1577672.0,1.0
06067,2023,258.75,90630.0,547887.0,638517.0,0.14193827259101952,,1583676.0,
06069,2012,243.63125,1462.0,14548.0,16010.0,0.09131792629606496,,,
06069,2013,255.175,1470.0,14575.0,16045.0,0.091617326269866,,,
06069,2014,225.1375,1415.0,15386.0,16801.0,0.08422117731087435,,,
06069,2015,213.85625,1303.0,17156.0,18459.0,0.07058887263665421,,,
06069,2016,363.57142857142856,1386.0,18314.0,19700.0,0.07035532994923858,,,
06069,2017,361.00714285714287,932.0,18873.0,19805.0,0.047058823529411764,,,
06069,2018,352.90714285714284,1319.0,18590.0,19909.0,0.06625144407052087,,,
06069,2019,301.90714285714284,1271.0,19320.0,20591.0,0.06172599679471614,,,
06069,2020,218.75714285714284,1005.0,19823.0,20828.0,0.04825235260226618,0.1657503880556723,64209.0,0.0
06069,2021,242.07857142857145,1557.0,19915.0,21472.0,0.07251304023845008,0.1800065418057444,64712.0,0.0
06069,2022,266.65,1796.0,21491.0,23287.0,0.07712457594365955,0.1886764713337693,65751.0,0.0
06069,2023,238.15,1350.0,22750.0,24100.0,0.056016597510373446,,65370.0,
06071,2012,303.08125,113116.0,696514.0,809630.0,0.13971320232698886,,,
06071,2013,297.21875,114398.0,702340.0,816738.0,0.1400669492542284,,,
06071,2014,280.6875,113815.0,729269.0,843084.0,0.13499841059728332,,,
06071,2015,277.2875,109096.0,762508.0,871604.0,0.12516693360746395,,,
06071,2016,302.1714285714285,112434.0,774930.0,887364.0,0.12670561347992482,,,
06071,2017,307.6642857142857,118132.0,784586.0,902718.0,0.13086257280789793,,,
06071,2018,294.52857142857147,122630.0,775904.0,898534.0,0.1364778628298985,,,
06071,2019,294.25714285714287,125588.0,803798.0,929386.0,0.13513007512486738,,,
06071,2020,233.47857142857143,114897.0,654004.0,768901.0,0.14943016070989634,0.394578570509653,2181654.0,1.0
06071,2021,235.5142857142857,120879.0,696651.0,817530.0,0.1478587941726909,0.4238120435369581,2179941.0,1.0
06071,2022,254.22857142857143,127507.0,768900.0,896407.0,0.1422423073447664,0.4397188005736857,2183077.0,1.0
06071,2023,296.2285714285714,136474.0,809533.0,946007.0,0.14426320312640392,,2182351.0,
06073,2012,222.21875,150671.0,725534.0,876205.0,0.1719586169903162,,,
06073,2013,218.2875,151838.0,757919.0,909757.0,0.1668995127270249,,,
06073,2014,206.03749999999997,151471.0,813785.0,965256.0,0.15692313748891487,,,
06073,2015,201.40625,156323.0,857147.0,1013470.0,0.15424531559888305,,,
06073,2016,274.25714285714287,156633.0,858361.0,1014994.0,0.15431913883234777,,,
06073,2017,259.7642857142857,156952.0,879825.0,1036777.0,0.1513845310997447,,,
06073,2018,249.8,154304.0,858742.0,1013046.0,0.1523168740610002,,,
06073,2019,259.34285714285716,157318.0,885977.0,1043295.0,0.1507895657508183,,,
06073,2020,204.03571428571428,156846.0,725342.0,882188.0,0.17779203525779086,0.2573538773928844,3298634.0,0.0
06073,2021,218.41428571428577,170452.0,813212.0,983664.0,0.17328274695424453,0.289110829984485,3289937.0,0.0
06073,2022,239.7357142857143,173791.0,888505.0,1062296.0,0.1635994110869287,0.304411538385011,3283556.0,1.0
06073,2023,231.08571428571423,177268.0,920487.0,1097755.0,0.16148229796266014,,3300587.0,
06075,2012,198.0875,43184.0,214521.0,257705.0,0.16757144797345802,,,
06075,2013,193.5375,43954.0,215399.0,259353.0,0.1694755796154276,,,
06075,2014,181.25,43280.0,224842.0,268122.0,0.16141905550458374,,,
06075,2015,183.21875,45126.0,245771.0,290897.0,0.1551270724689495,,,
06075,2016,255.55,45121.0,247249.0,292370.0,0.15432841946848172,,,
06075,2017,239.92857142857144,46870.0,251279.0,298149.0,0.15720327755585295,,,
06075,2018,229.70714285714288,47847.0,251320.0,299167.0,0.15993408363890402,,,
06075,2019,222.17857142857144,48252.0,244544.0,292796.0,0.16479733329690296,,,
06075,2020,189.57142857142856,43254.0,178541.0,221795.0,0.1950179219549584,0.2391714771186489,873965.0,0.0
06075,2021,198.21428571428572,44986.0,187539.0,232525.0,0.19346736910009676,0.2665047817274075,857605.0,0.0
06075,2022,194.15714285714284,46959.0,209709.0,256668.0,0.18295619243536398,0.2825125225898477,840348.0,0.0
06075,2023,186.68571428571428,49072.0,217768.0,266840.0,0.18390046469794633,,848036.0,
06077,2012,286.89375,30956.0,248430.0,279386.0,0.11080011167345537,,,
06077,2013,275.95,31880.0,256605.0,288485.0,0.1105083453212472,,,
06077,2014,263.5625,34269.0,277254.0,311523.0,0.11000471875270847,,,
06077,2015,272.41875,37846.0,306002.0,343848.0,0.11006607570787091,,,
06077,2016,277.49285714285713,38581.0,326636.0,365217.0,0.10563856556512977,,,
06077,2017,269.5785714285714,41454.0,342004.0,383458.0,0.10810571170767072,,,
06077,2018,275.45714285714286,42070.0,334990.0,377060.0,0.1115737548400785,,,
06077,2019,283.3857142857143,44923.0,343020.0,387943.0,0.11579793938800288,,,
06077,2020,227.95,41491.0,291980.0,333471.0,0.12442161387347025,0.3657613747535503,779233.0,1.0
06077,2021,226.6214285714286,42689.0,317892.0,360581.0,0.11838948807618815,0.3948432153128013,781220.0,1.0
06077,2022,242.9,42805.0,357539.0,400344.0,0.10692054832843755,0.4091844120385895,784289.0,1.0
06077,2023,270.64285714285717,43874.0,375860.0,419734.0,0.10452810589563867,,787696.0,
06079,2012,145.0125,10131.0,72009.0,82140.0,0.12333820306793279,,,
06079,2013,141.18125,9711.0,71728.0,81439.0,0.11924262331315463,,,
06079,2014,124.4125,9454.0,85936.0,95390.0,0.09910892127057344,,,
06079,2015,137.1125,9770.0,95697.0,105467.0,0.09263561113902927,,,
06079,2016,193.53571428571428,9942.0,97041.0,106983.0,0.0929306525335801,,,
06079,2017,189.3642857142857,10516.0,98189.0,108705.0,0.09673888045628076,,,
06079,2018,180.9714285714286,10922.0,90535.0,101457.0,0.10765151739160432,,,
06079,2019,170.65,11220.0,92132.0,103352.0,0.10856103413576902,,,
06079,2020,149.60714285714286,10267.0,73533.0,83800.0,0.12251789976133652,0.1973333238912651,282424.0,0.0
06079,2021,136.15714285714287,11017.0,84392.0,95409.0,0.11547128677588069,0.2267036904335363,279100.0,0.0
06079,2022,155.93571428571428,11540.0,97344.0,108884.0,0.10598435031776937,0.2411549945081295,280111.0,0.0
06079,2023,145.55,12353.0,98498.0,110851.0,0.11143787606787489,,280206.0,
06081,2012,144.01875,25582.0,170508.0,196090.0,0.130460502830333,,,
06081,2013,148.96249999999998,25671.0,171524.0,197195.0,0.13018078551687415,,,
06081,2014,133.45,24178.0,177233.0,201411.0,0.1200430959580162,,,
06081,2015,137.49375,24604.0,187617.0,212221.0,0.11593574622681073,,,
06081,2016,222.68571428571428,23836.0,187877.0,211713.0,0.11258637872969539,,,
06081,2017,218.15,24618.0,188536.0,213154.0,0.11549396211190031,,,
06081,2018,204.77857142857144,23670.0,185666.0,209336.0,0.11307180800244583,,,
06081,2019,207.5,23971.0,187974.0,211945.0,0.11310009672320649,,,
06081,2020,164.84285714285716,21049.0,139887.0,160936.0,0.13079112193667047,0.183176421494371,764442.0,0.0
06081,2021,176.68571428571428,21711.0,151396.0,173107.0,0.1254195382046942,0.2027859092975731,757341.0,0.0
06081,2022,190.34285714285716,22634.0,179742.0,202376.0,0.11184132505830731,0.2157069445563523,744660.0,0.0
06081,2023,180.67142857142855,24157.0,193949.0,218106.0,0.11075807176327107,,749670.0,
06083,2012,151.23125,16278.0,123293.0,139571.0,0.11662881257567832,,,
06083,2013,150.86875,16387.0,130600.0,146987.0,0.11148604978671584,,,
06083,2014,143.9625,16912.0,145899.0,162811.0,0.10387504529792213,,,
06083,2015,136.0375,17817.0,159228.0,177045.0,0.10063543166991443,,,
06083,2016,188.1071428571429,17475.0,158988.0,176463.0,0.0990292582581051,,,
06083,2017,187.93571428571428,18692.0,158281.0,176973.0,0.10562063139574963,,,
06083,2018,171.59285714285713,19076.0,150414.0,169490.0,0.1125494129447165,,,
06083,2019,181.21428571428572,20004.0,149192.0,169196.0,0.11822974538405163,,,
06083,2020,156.7642857142857,18164.0,114490.0,132654.0,0.13692764635819502,0.3314406995828769,448229.0,1.0
06083,2021,159.97142857142856,19754.0,126174.0,145928.0,0.1353681267474371,0.3663895048041389,441980.0,1.0
06083,2022,158.54999999999998,20431.0,139938.0,160369.0,0.1273999339024375,0.3803599724397043,442182.0,1.0
06083,2023,118.77142857142856,20910.0,147504.0,168414.0,0.12415832412982293,,443463.0,
06085,2012,160.18125,70566.0,412489.0,483055.0,0.1460827442009709,,,
06085,2013,163.2625,73857.0,442205.0,516062.0,0.14311652475865302,,,
06085,2014,157.34375,74643.0,470798.0,545441.0,0.1368488984143106,,,
06085,2015,165.38125,80305.0,499681.0,579986.0,0.1384602386954168,,,
06085,2016,303.9642857142857,81015.0,501310.0,582325.0,0.13912334177649938,,,
06085,2017,304.0142857142857,84771.0,501262.0,586033.0,0.14465226360972847,,,
06085,2018,266.84999999999997,84970.0,492839.0,577809.0,0.1470555148846764,,,
06085,2019,270.7,86696.0,496423.0,583119.0,0.14867634222174206,,,
06085,2020,216.79285714285712,80253.0,395171.0,475424.0,0.1688030053173588,0.2034107179531939,1936259.0,0.0
06085,2021,226.09285714285716,86218.0,445900.0,532118.0,0.16202797123946192,0.225002795786358,1913594.0,0.0
06085,2022,252.6357142857143,91780.0,535258.0,627038.0,0.14637071437456742,0.2373168280446359,1894827.0,0.0
06085,2023,232.93571428571428,95695.0,565174.0,660869.0,0.14480176858045998,,1915165.0,
06087,2012,176.95625,9711.0,60034.0,69745.0,0.13923578751164958,,,
06087,2013,169.81875,9903.0,60815.0,70718.0,0.14003506886506972,,,
06087,2014,167.45624999999998,10032.0,65733.0,75765.0,0.1324094238764601,,,
06087,2015,178.25625,10702.0,72680.0,83382.0,0.1283490441582116,,,
06087,2016,212.3857142857143,10232.0,74329.0,84561.0,0.12100140726812597,,,
06087,2017,222.74285714285716,11251.0,73618.0,84869.0,0.1325690181338298,,,
06087,2018,191.31428571428572,10270.0,72476.0,82746.0,0.12411476083436057,,,
06087,2019,191.79285714285712,10138.0,72962.0,83100.0,0.12199759326113117,,,
06087,2020,140.82142857142858,8998.0,54840.0,63838.0,0.14095053103167393,0.2736517377301765,270861.0,0.0
06087,2021,149.28571428571428,10208.0,58827.0,69035.0,0.14786702397334686,0.3043676049212027,266168.0,1.0
06087,2022,151.82857142857142,10551.0,67425.0,77976.0,0.135310864881502,0.3141948968368855,264581.0,1.0
06087,2023,183.34285714285716,10935.0,69815.0,80750.0,0.13541795665634676,,264250.0,
06089,2012,289.9625,13134.0,76488.0,89622.0,0.14654883845484368,,,
06089,2013,272.15625,13093.0,79399.0,92492.0,0.14155818881633006,,,
06089,2014,267.73125,13133.0,88676.0,101809.0,0.12899645414452554,,,
06089,2015,251.8375,13273.0,94383.0,107656.0,0.12329085234450472,,,
06089,2016,289.6642857142857,14057.0,91683.0,105740.0,0.13293928503877436,,,
06089,2017,289.39285714285717,14942.0,86228.0,101170.0,0.14769200355836712,,,
06089,2018,247.05714285714288,15358.0,82912.0,98270.0,0.15628370815101253,,,
06089,2019,260.5,14792.0,81868.0,96660.0,0.15303124353403683,,,
06089,2020,226.53571428571428,14605.0,66521.0,81126.0,0.18002859749032368,0.3347300376053361,182155.0,1.0
06089,2021,206.99285714285716,14644.0,69495.0,84139.0,0.17404532975195808,0.3653847211830465,181768.0,1.0
06089,2022,223.32857142857145,14587.0,72118.0,86705.0,0.16823712588662706,0.3797090692912833,180547.0,1.0
06089,2023,272.3071428571428,14870.0,72555.0,87425.0,0.17008864741206747,,179587.0,
06093,2012,188.23125,1692.0,19072.0,20764.0,0.08148718936621074,,,
06093,2013,235.61875,1887.0,19092.0,20979.0,0.08994708994708994,,,
06093,2014,196.43125,1524.0,20401.0,21925.0,0.0695096921322691,,,
06093,2015,197.3375,1651.0,21350.0,23001.0,0.07177948784835442,,,
06093,2016,229.1071428571429,1594.0,21673.0,23267.0,0.06850904714832166,,,
06093,2017,247.5142857142857,1531.0,20263.0,21794.0,0.0702486923006332,,,
06093,2018,215.94285714285712,1455.0,20523.0,21978.0,0.0662025662025662,,,
06093,2019,202.25714285714284,1599.0,20344.0,21943.0,0.07287061933190539,,,
06093,2020,153.27142857142854,1515.0,17573.0,19088.0,0.07936923721709975,0.3506348882233717,44076.0,1.0
06093,2021,140.88571428571427,1682.0,18775.0,20457.0,0.0822212445617637,0.3835056476589543,43912.0,1.0
06093,2022,145.5285714285714,1534.0,20063.0,21597.0,0.07102838357179238,0.3924409496954831,43621.0,1.0
06093,2023,136.02142857142857,1559.0,20724.0,22283.0,0.06996364941883948,,43527.0,
06095,2012,226.10625,17307.0,158378.0,175685.0,0.09851154054130973,,,
06095,2013,213.54375,17458.0,163991.0,181449.0,0.09621436326460879,,,
06095,2014,209.0625,17424.0,177342.0,194766.0,0.08946119959335819,,,
06095,2015,196.475,18085.0,191177.0,209262.0,0.08642276189656985,,,
06095,2016,306.63571428571424,19419.0,193186.0,212605.0,0.09133839749770702,,,
06095,2017,287.63571428571424,18561.0,195590.0,214151.0,0.08667248810418816,,,
06095,2018,275.65,19299.0,194448.0,213747.0,0.0902889865120914,,,
06095,2019,270.17857142857144,20429.0,196819.0,217248.0,0.09403538812785388,,,
06095,2020,223.72142857142856,17877.0,155649.0,173526.0,0.10302202551778984,0.2591833869543901,453491.0,0.0
06095,2021,230.17857142857144,17746.0,173064.0,190810.0,0.09300351134636549,0.2894070455194539,450518.0,0.0
06095,2022,224.97857142857143,17798.0,197637.0,215435.0,0.08261424559611948,0.3064706000612057,447671.0,1.0
06095,2023,247.67857142857144,18626.0,199766.0,218392.0,0.08528700685006776,,447411.0,
06097,2012,145.46875,18601.0,127392.0,145993.0,0.1274102182981376,,,
06097,2013,138.1,17992.0,131815.0,149807.0,0.12010119687331032,,,
06097,2014,131.13125,18236.0,140350.0,158586.0,0.11499123503966302,,,
06097,2015,141.16875000000002,18969.0,152098.0,171067.0,0.11088637785195274,,,
06097,2016,213.95714285714283,19411.0,161368.0,180779.0,0.10737419722423512,,,
06097,2017,208.72142857142856,19400.0,160519.0,179919.0,0.10782629961260345,,,
06097,2018,209.1142857142857,20187.0,160948.0,181135.0,0.11144726309106467,,,
06097,2019,220.74285714285716,20735.0,157137.0,177872.0,0.11657259152649097,,,
06097,2020,177.82857142857142,19423.0,125991.0,145414.0,0.13357035773721926,0.2333257647507242,488863.0,0.0
06097,2021,179.80714285714288,20331.0,137996.0,158327.0,0.1284114522475636,0.2565782874605131,485182.0,0.0
06097,2022,209.48571428571427,22834.0,155294.0,178128.0,0.12818871822509656,0.2692500843337357,481223.0,0.0
06097,2023,211.03571428571428,22828.0,165848.0,188676.0,0.12099048103627383,,480343.0,
06099,2012,327.8625,31297.0,197981.0,229278.0,0.1365024119191549,,,
06099,2013,329.29375000000005,31440.0,205287.0,236727.0,0.13281121291614392,,,
06099,2014,305.35625,31832.0,224973.0,256805.0,0.1239539728587839,,,
06099,2015,324.5375,33538.0,239370.0,272908.0,0.12289123074442669,,,
06099,2016,389.87142857142857,33066.0,242416.0,275482.0,0.12002962081007107,,,
06099,2017,378.9857142857143,34418.0,244753.0,279171.0,0.12328644450892105,,,
06099,2018,368.0214285714286,34525.0,236829.0,271354.0,0.12723232382791483,,,
06099,2019,377.54285714285714,35406.0,229979.0,265385.0,0.1334137196902613,,,
06099,2020,306.85,33923.0,187239.0,221162.0,0.1533853012723705,0.428197239415085,552878.0,1.0
06099,2021,302.62142857142857,36581.0,204343.0,240924.0,0.15183626371801895,0.4552724620974573,551722.0,1.0
06099,2022,311.0214285714286,35834.0,232722.0,268556.0,0.13343213333531925,0.4714780048257815,549272.0,1.0
06099,2023,310.5357142857143,38720.0,223936.0,262656.0,0.14741715399610136,,548423.0,
06103,2012,252.86875,1787.0,28322.0,30109.0,0.05935102461058155,,,
06103,2013,244.175,1763.0,27384.0,29147.0,0.06048649946821285,,,
06103,2014,231.7,1907.0,28433.0,30340.0,0.06285431773236651,,,
06103,2015,235.7125,1921.0,30568.0,32489.0,0.059127704761611624,,,
06103,2016,283.47857142857146,2020.0,30473.0,32493.0,0.06216723602006586,,,
06103,2017,278.6357142857143,1805.0,28984.0,30789.0,0.05862483354444769,,,
06103,2018,329.36428571428576,2225.0,29694.0,31919.0,0.06970769760957424,,,
06103,2019,357.4642857142857,2346.0,29781.0,32127.0,0.07302269119432253,,,
06103,2020,246.92142857142855,2198.0,24230.0,26428.0,0.08316936582412593,0.3843151701124631,65829.0,1.0
06103,2021,253.8785714285714,2509.0,26508.0,29017.0,0.08646655408898232,0.4197128402451189,65492.0,1.0
06103,2022,225.27857142857144,2263.0,28962.0,31225.0,0.07247397918334668,0.4259778318961336,65289.0,1.0
06103,2023,201.0,2264.0,29405.0,31669.0,0.07148946919700654,,64732.0,
06105,2012,207.55,319.0,3794.0,4113.0,0.07755895939703379,,,
06105,2013,296.1625,359.0,4056.0,4415.0,0.08131370328425822,,,
06105,2014,281.7875,334.0,4371.0,4705.0,0.07098831030818278,,,
06105,2015,272.95625,307.0,5048.0,5355.0,0.05732959850606909,,,
06105,2016,211.0142857142857,289.0,4586.0,4875.0,0.05928205128205128,,,
06105,2017,201.92142857142855,352.0,4543.0,4895.0,0.07191011235955057,,,
06105,2018,171.23571428571427,320.0,4302.0,4622.0,0.06923409779316313,,,
06105,2019,100.58571428571427,94.0,3969.0,4063.0,0.02313561407826729,,,
06105,2020,51.364285714285714,82.0,3535.0,3617.0,0.022670721592479955,0.233847442899702,16112.0,0.0
06105,2021,70.83571428571427,132.0,4385.0,4517.0,0.029222935576710206,0.2442107995846313,16050.0,0.0
06105,2022,86.97142857142856,82.0,4356.0,4438.0,0.018476791347453808,0.2672491179724849,15967.0,0.0
06105,2023,89.82857142857144,75.0,4547.0,4622.0,0.016226741670272608,,15940.0,
06107,2012,343.18125,19061.0,130603.0,149664.0,0.12735861663459483,,,
06107,2013,321.9125,17948.0,133446.0,151394.0,0.11855159385444601,,,
06107,2014,300.3125,17852.0,137736.0,155588.0,0.11473892588117336,,,
06107,2015,320.71250000000003,19472.0,144199.0,163671.0,0.11897037349316616,,,
06107,2016,330.0142857142857,19973.0,137561.0,157534.0,0.12678532888138433,,,
06107,2017,337.92142857142863,14479.0,129068.0,143547.0,0.10086591847966171,,,
06107,2018,289.18571428571425,22474.0,100785.0,123259.0,0.18233151331748595,,,
06107,2019,283.55,25101.0,122281.0,147382.0,0.1703125212034034,,,
06107,2020,230.97142857142856,22680.0,100035.0,122715.0,0.1848184818481848,0.5313720848472294,473117.0,1.0
06107,2021,241.44285714285715,20932.0,109967.0,130899.0,0.15990954858325884,0.5630797467295977,474381.0,1.0
06107,2022,257.3285714285714,20547.0,128359.0,148906.0,0.13798638066968422,0.5815014404837276,475419.0,1.0
06107,2023,197.57857142857145,19109.0,135177.0,154286.0,0.12385440026962913,,476566.0,
06109,2012,188.175,3296.0,22945.0,26241.0,0.12560496932281545,,,
06109,2013,201.3375,3469.0,23653.0,27122.0,0.12790354693606668,,,
06109,2014,204.5125,3546.0,27552.0,31098.0,0.11402662550646343,,,
06109,2015,210.46875,3397.0,30146.0,33543.0,0.1012729928748174,,,
06109,2016,232.27142857142857,3268.0,30120.0,33388.0,0.09787947765664311,,,
06109,2017,202.68571428571428,3245.0,30950.0,34195.0,0.09489691475361894,,,
06109,2018,167.6357142857143,2906.0,30556.0,33462.0,0.08684477915247146,,,
06109,2019,192.67857142857144,3223.0,30934.0,34157.0,0.09435840384108675,,,
06109,2020,167.57857142857142,3094.0,27886.0,30980.0,0.09987088444157521,0.2114527148507731,55620.0,0.0
06109,2021,178.6357142857143,3240.0,29579.0,32819.0,0.09872330052713367,0.2480097914005959,54810.0,0.0
06109,2022,187.75,3101.0,31058.0,34159.0,0.09078134605813988,0.2568644005579619,54484.0,0.0
06109,2023,158.79999999999998,3175.0,31354.0,34529.0,0.09195169277998204,,54610.0,
06111,2012,187.96875,32685.0,201776.0,234461.0,0.13940484771454528,,,
06111,2013,184.225,32350.0,207955.0,240305.0,0.1346205863381952,,,
06111,2014,175.35625,32948.0,221163.0,254111.0,0.12965987304760518,,,
06111,2015,187.56875,36038.0,237117.0,273155.0,0.13193241932236277,,,
06111,2016,266.9428571428571,36947.0,233514.0,270461.0,0.13660749609000927,,,
06111,2017,277.37857142857143,36051.0,235597.0,271648.0,0.1327121863588173,,,
06111,2018,256.42857142857144,36723.0,232468.0,269191.0,0.13641986544869628,,,
06111,2019,270.95,38619.0,236920.0,275539.0,0.14015801755831298,,,
06111,2020,210.99285714285716,35061.0,178757.0,213818.0,0.1639759047414156,0.2663340020991266,843843.0,0.0
06111,2021,212.55714285714288,39329.0,202452.0,241781.0,0.1626637328822364,0.2919960431212557,840730.0,0.0
06111,2022,232.2357142857143,40509.0,248440.0,288949.0,0.14019429034189423,0.3065024339152878,832883.0,1.0
06111,2023,238.15,41083.0,259767.0,300850.0,0.13655642346684393,,829275.0,
06113,2012,148.94375,3506.0,39021.0,42527.0,0.08244174289275048,,,
06113,2013,146.55,3385.0,41134.0,44519.0,0.07603495136907837,,,
06113,2014,131.8375,3429.0,43606.0,47035.0,0.07290315722334431,,,
06113,2015,154.16250000000002,4123.0,47730.0,51853.0,0.07951323934970012,,,
06113,2016,160.33571428571426,4451.0,49769.0,54220.0,0.08209147915898192,,,
06113,2017,175.15714285714284,4635.0,49305.0,53940.0,0.08592880978865405,,,
06113,2018,156.70000000000002,4603.0,47620.0,52223.0,0.08814124044961033,,,
06113,2019,159.54999999999998,4665.0,49101.0,53766.0,0.08676486999218837,,,
06113,2020,136.57857142857145,4192.0,40055.0,44247.0,0.09474088638777771,0.2492629492197428,216403.0,0.0
06113,2021,143.07857142857142,4630.0,46665.0,51295.0,0.09026220879227995,0.2678483123321372,215702.0,0.0
06113,2022,146.95714285714286,4786.0,51478.0,56264.0,0.08506327314090716,0.2665830825810765,219340.0,0.0
06113,2023,153.60714285714286,5511.0,57659.0,63170.0,0.08724077885072028,,221467.0,
06115,2012,435.61875,8808.0,41125.0,49933.0,0.176396371137324,,,
06115,2013,412.125,8576.0,45093.0,53669.0,0.15979429465799624,,,
06115,2014,357.76875,7876.0,45814.0,53690.0,0.14669398398211958,,,
06115,2015,413.8375,7543.0,52146.0,59689.0,0.1263716932768182,,,
06115,2016,404.42857142857144,8021.0,58653.0,66674.0,0.12030176680565138,,,
06115,2017,405.47142857142853,8100.0,61857.0,69957.0,0.11578541103820919,,,
06115,2018,399.5571428571429,8750.0,60709.0,69459.0,0.12597359593429217,,,
06115,2019,380.8642857142857,9178.0,61386.0,70564.0,0.13006632277081798,,,
06115,2020,317.45714285714286,8500.0,52468.0,60968.0,0.13941739929143157,0.3506354070895903,81575.0,1.0
06115,2021,356.9928571428572,9324.0,55341.0,64665.0,0.1441892832289492,0.3934964358182979,81973.0,1.0
06115,2022,343.12857142857143,7840.0,63625.0,71465.0,0.10970405093402365,0.4236701060998286,82281.0,1.0
06115,2023,321.5,8270.0,60131.0,68401.0,0.12090466513647462,,83080.0,
