fips5,year,pqi_mean_rate,pqi_count,pqi_population,county_name
06001,2005,317.36875,46118.0,1102068.0,Alameda
06001,2006,298.125,43862.0,1106823.0,Alameda
06001,2007,292.01875,43736.0,1117973.0,Alameda
06001,2008,278.15,42289.0,1136417.0,Alameda
06001,2009,260.96875,40704.0,1155287.0,Alameda
06001,2010,260.35,41475.0,1169910.0,Alameda
06001,2011,243.68125,39906.0,1186810.0,Alameda
06001,2012,220.51875,36804.0,1173980.0,Alameda
06001,2013,201.01875,34502.0,1197759.0,Alameda
06001,2014,191.29375,32443.0,1192027.0,Alameda
06001,2015,190.5875,25747.0,923607.0,Alameda
06001,2016,270.9214285714286,31744.0,1304840.0,Alameda
06001,2017,260.15000000000003,30934.0,1314687.0,Alameda
06001,2018,239.93571428571428,29381.0,1323933.0,Alameda
06001,2019,238.97857142857143,29707.0,1329186.0,Alameda
06001,2020,191.27857142857144,24615.0,1344023.0,Alameda
06001,2021,196.52857142857144,25548.0,1317990.0,Alameda
06001,2022,211.12857142857143,27632.0,1311253.0,Alameda
06001,2023,225.05,31091.0,1306255.0,Alameda
06001,2024,202.07857142857142,30685.0,1332423.0,Alameda
06003,2005,66.29375,8.0,979.0,Alpine
06003,2006,61.03333333333333,5.0,1001.0,Alpine
06003,2007,90.6,14.0,1009.0,Alpine
06003,2008,22.8,4.0,957.0,Alpine
06003,2009,39.2875,6.0,947.0,Alpine
06003,2010,99.37333333333332,12.0,895.0,Alpine
06003,2011,20.853333333333335,3.0,888.0,Alpine
06003,2012,32.1,6.0,2975.0,Alpine
06003,2013,33.2,5.0,2967.0,Alpine
06003,2014,0.0,0.0,2018.0,Alpine
06003,2015,15.433333333333334,3.0,3000.0,Alpine
06003,2016,69.94285714285715,4.0,860.0,Alpine
06003,2017,49.107142857142854,2.0,909.0,Alpine
06003,2018,63.07857142857143,5.0,886.0,Alpine
06003,2019,28.55,3.0,909.0,Alpine
06003,2020,41.357142857142854,4.0,981.0,Alpine
06003,2021,45.15,4.0,1019.0,Alpine
06003,2022,0.0,0.0,998.0,Alpine
06003,2023,29.928571428571427,3.0,955.0,Alpine
06003,2024,0.0,0.0,928.0,Alpine
06005,2005,253.03125,1406.0,31101.0,Amador
06005,2006,229.3875,1298.0,31460.0,Amador
06005,2007,234.56875000000002,1336.0,31883.0,Amador
06005,2008,238.4125,1379.0,31619.0,Amador
06005,2009,200.49375,1210.0,31769.0,Amador
06005,2010,209.3375,1260.0,31720.0,Amador
06005,2011,196.79375,1209.0,31760.0,Amador
06005,2012,197.51875,1222.0,32614.0,Amador
06005,2013,213.45625,1334.0,32252.0,Amador
06005,2014,189.0875,1216.0,33225.0,Amador
06005,2015,207.675,1027.0,24635.0,Amador
06005,2016,261.2642857142857,1105.0,31586.0,Amador
06005,2017,256.65,1103.0,32677.0,Amador
06005,2018,237.04285714285714,1072.0,33425.0,Amador
06005,2019,230.6142857142857,1059.0,33684.0,Amador
06005,2020,183.96428571428572,865.0,34367.0,Amador
06005,2021,179.72857142857143,870.0,34879.0,Amador
06005,2022,201.33571428571426,1000.0,35068.0,Amador
06005,2023,241.80714285714288,1307.0,35299.0,Amador
06005,2024,231.24615384615385,1151.0,35459.0,Amador
06007,2005,372.3875,10007.0,165310.0,Butte
06007,2006,371.09375,10045.0,167351.0,Butte
06007,2007,376.56875,10324.0,168208.0,Butte
06007,2008,398.2875,10927.0,169793.0,Butte
06007,2009,382.58124999999995,10618.0,170726.0,Butte
06007,2010,401.85625,11285.0,171576.0,Butte
06007,2011,382.46875,10705.0,172643.0,Butte
06007,2012,382.1125,10842.0,169573.0,Butte
06007,2013,318.99375,9237.0,170817.0,Butte
06007,2014,289.425,8532.0,175975.0,Butte
06007,2015,316.61875,7053.0,128928.0,Butte
06007,2016,364.1857142857143,9584.0,180760.0,Butte
06007,2017,381.09999999999997,10095.0,182932.0,Butte
06007,2018,365.9428571428571,9836.0,184337.0,Butte
06007,2019,397.59999999999997,9970.0,174575.0,Butte
06007,2020,347.5,8423.0,167698.0,Butte
06007,2021,363.54285714285714,8729.0,164365.0,Butte
06007,2022,345.04285714285714,8330.0,165784.0,Butte
06007,2023,289.6,8011.0,164973.0,Butte
06007,2024,311.2357142857143,8532.0,166368.0,Butte
06009,2005,289.44375,1857.0,35913.0,Calaveras
06009,2006,264.0625,1749.0,36599.0,Calaveras
06009,2007,248.85,1683.0,36944.0,Calaveras
06009,2008,255.625,1738.0,37092.0,Calaveras
06009,2009,256.9375,1777.0,36875.0,Calaveras
06009,2010,226.41875,1574.0,36801.0,Calaveras
06009,2011,228.26875,1587.0,36652.0,Calaveras
06009,2012,215.98125,1560.0,37597.0,Calaveras
06009,2013,208.94375000000002,1544.0,37646.0,Calaveras
06009,2014,194.23125,1464.0,38886.0,Calaveras
06009,2015,183.68125,1061.0,28698.0,Calaveras
06009,2016,222.15714285714284,1213.0,37568.0,Calaveras
06009,2017,263.1142857142857,1463.0,37872.0,Calaveras
06009,2018,231.75714285714284,1319.0,37987.0,Calaveras
06009,2019,236.32857142857142,1357.0,38289.0,Calaveras
06009,2020,200.70714285714286,1125.0,37673.0,Calaveras
06009,2021,184.1357142857143,1068.0,38312.0,Calaveras
06009,2022,204.42142857142858,1202.0,38508.0,Calaveras
06009,2023,172.10714285714286,1232.0,38409.0,Calaveras
06009,2024,210.82142857142858,1432.0,38377.0,Calaveras
06011,2005,375.24375,791.0,14456.0,Colusa
06011,2006,343.9375,725.0,14677.0,Colusa
06011,2007,314.9125,683.0,14837.0,Colusa
06011,2008,382.93125,847.0,14891.0,Colusa
06011,2009,360.39375,777.0,14960.0,Colusa
06011,2010,325.15625,724.0,15117.0,Colusa
06011,2011,308.85,701.0,15206.0,Colusa
06011,2012,301.39375,702.0,16676.0,Colusa
06011,2013,260.1,614.0,16775.0,Colusa
06011,2014,253.80624999999998,609.0,16640.0,Colusa
06011,2015,261.1125,479.0,13258.0,Colusa
06011,2016,304.4785714285714,482.0,15519.0,Colusa
06011,2017,327.64285714285717,518.0,15549.0,Colusa
06011,2018,486.06428571428575,773.0,15514.0,Colusa
06011,2019,445.5357142857143,719.0,15645.0,Colusa
06011,2020,394.59999999999997,658.0,15973.0,Colusa
06011,2021,371.12857142857143,638.0,16109.0,Colusa
06011,2022,302.37857142857143,524.0,16137.0,Colusa
06011,2023,343.2,742.0,16122.0,Colusa
06011,2024,316.0428571428571,632.0,16228.0,Colusa
06013,2005,264.03125,28403.0,744835.0,Contra Costa
06013,2006,255.3625,27806.0,747747.0,Contra Costa
06013,2007,256.31875,28494.0,755752.0,Contra Costa
06013,2008,261.0625,29515.0,767612.0,Contra Costa
06013,2009,258.73125,29897.0,780970.0,Contra Costa
06013,2010,259.325,30723.0,793960.0,Contra Costa
06013,2011,238.4375,28946.0,808054.0,Contra Costa
06013,2012,231.99375,28783.0,793369.0,Contra Costa
06013,2013,208.63125,26561.0,808882.0,Contra Costa
06013,2014,197.38125,25248.0,818959.0,Contra Costa
06013,2015,203.47500000000002,20539.0,620275.0,Contra Costa
06013,2016,309.7142857142857,24708.0,874355.0,Contra Costa
06013,2017,298.4642857142857,24263.0,883122.0,Contra Costa
06013,2018,277.5571428571429,23161.0,890018.0,Contra Costa
06013,2019,276.14285714285717,23557.0,894163.0,Contra Costa
06013,2020,221.0142857142857,19364.0,906522.0,Contra Costa
06013,2021,233.29285714285714,20810.0,908651.0,Contra Costa
06013,2022,246.3142857142857,22180.0,906227.0,Contra Costa
06013,2023,227.02142857142857,23298.0,904586.0,Contra Costa
06013,2024,246.37857142857143,24849.0,921132.0,Contra Costa
06015,2005,327.11875000000003,1038.0,22067.0,Del Norte
06015,2006,301.84375,965.0,22055.0,Del Norte
06015,2007,300.54375,982.0,22315.0,Del Norte
06015,2008,289.51875,944.0,22398.0,Del Norte
06015,2009,297.23125,975.0,22525.0,Del Norte
06015,2010,282.20625,945.0,22507.0,Del Norte
06015,2011,296.4625,1013.0,22606.0,Del Norte
06015,2012,251.38125000000002,878.0,23687.0,Del Norte
06015,2013,274.90625,970.0,23420.0,Del Norte
06015,2014,222.7,796.0,23656.0,Del Norte
06015,2015,194.28750000000002,510.0,17650.0,Del Norte
06015,2016,146.95714285714286,564.0,21562.0,Del Norte
06015,2017,168.58571428571432,650.0,21395.0,Del Norte
06015,2018,172.90714285714284,678.0,21889.0,Del Norte
06015,2019,155.42857142857142,635.0,22021.0,Del Norte
06015,2020,120.96428571428571,507.0,21848.0,Del Norte
06015,2021,118.27857142857144,496.0,21781.0,Del Norte
06015,2022,135.77857142857144,579.0,21423.0,Del Norte
06015,2023,168.91428571428574,773.0,21034.0,Del Norte
06015,2024,193.91428571428574,761.0,21503.0,Del Norte
06017,2005,219.09375,4358.0,132739.0,El Dorado
06017,2006,201.5625,4120.0,134458.0,El Dorado
06017,2007,202.5125,4261.0,135852.0,El Dorado
06017,2008,197.625,4259.0,137534.0,El Dorado
06017,2009,172.08125,3807.0,139337.0,El Dorado
06017,2010,168.8875,3826.0,140597.0,El Dorado
06017,2011,160.425,3748.0,141461.0,El Dorado
06017,2012,158.375,3757.0,139213.0,El Dorado
06017,2013,152.08125,3730.0,140808.0,El Dorado
06017,2014,141.14375,3525.0,146643.0,El Dorado
06017,2015,155.03125,3005.0,106572.0,El Dorado
06017,2016,229.52857142857144,3855.0,148231.0,El Dorado
06017,2017,266.4428571428571,4488.0,150815.0,El Dorado
06017,2018,258.5285714285714,4550.0,152985.0,El Dorado
06017,2019,242.97857142857146,4405.0,154934.0,El Dorado
06017,2020,206.44285714285715,3787.0,153507.0,El Dorado
06017,2021,196.84285714285716,3731.0,155945.0,El Dorado
06017,2022,214.3642857142857,4059.0,155421.0,El Dorado
06017,2023,196.39285714285714,3957.0,155106.0,El Dorado
06017,2024,223.34615384615384,4142.0,156079.0,El Dorado
06019,2005,335.54375,26750.0,605300.0,Fresno
06019,2006,323.825,26162.0,614966.0,Fresno
06019,2007,310.35625,25635.0,624332.0,Fresno
06019,2008,338.71875,28421.0,634600.0,Fresno
06019,2009,333.64375,28586.0,644386.0,Fresno
06019,2010,325.44375,28486.0,654204.0,Fresno
06019,2011,316.70625,28371.0,664750.0,Fresno
06019,2012,307.53125,27722.0,642666.0,Fresno
06019,2013,304.725,28017.0,650435.0,Fresno
06019,2014,281.5875,26533.0,679486.0,Fresno
06019,2015,289.3625,20704.0,491442.0,Fresno
06019,2016,321.6642857142857,28138.0,695789.0,Fresno
06019,2017,322.82857142857137,28711.0,703065.0,Fresno
06019,2018,310.75714285714287,28270.0,709386.0,Fresno
06019,2019,314.67142857142863,29248.0,715902.0,Fresno
06019,2020,279.2642857142857,26403.0,725899.0,Fresno
06019,2021,276.85714285714283,26611.0,730566.0,Fresno
06019,2022,310.15000000000003,29944.0,734510.0,Fresno
06019,2023,244.14285714285714,31227.0,737124.0,Fresno
06019,2024,252.12142857142857,32088.0,745865.0,Fresno
06021,2005,358.375,1060.0,19553.0,Glenn
06021,2006,358.4625,1061.0,19729.0,Glenn
06021,2007,321.6625,980.0,19842.0,Glenn
06021,2008,375.65,1130.0,20067.0,Glenn
06021,2009,342.06874999999997,1052.0,20155.0,Glenn
06021,2010,300.83125,925.0,20313.0,Glenn
06021,2011,261.05625,816.0,20400.0,Glenn
06021,2012,286.04375,934.0,21643.0,Glenn
06021,2013,295.7375,982.0,21703.0,Glenn
06021,2014,312.4375,1024.0,21574.0,Glenn
06021,2015,343.875,884.0,16846.0,Glenn
06021,2016,432.40714285714284,1143.0,20377.0,Glenn
06021,2017,457.61428571428576,1189.0,20443.0,Glenn
06021,2018,432.06428571428575,1138.0,20401.0,Glenn
06021,2019,439.0357142857143,1206.0,20882.0,Glenn
06021,2020,325.40000000000003,920.0,21187.0,Glenn
06021,2021,352.89285714285717,1022.0,21045.0,Glenn
06021,2022,341.34285714285716,987.0,20780.0,Glenn
06021,2023,317.57142857142856,1100.0,20659.0,Glenn
06021,2024,312.37142857142857,926.0,20903.0,Glenn
06023,2005,263.75,3918.0,102809.0,Humboldt
06023,2006,222.2,3337.0,103611.0,Humboldt
06023,2007,225.3125,3421.0,103821.0,Humboldt
06023,2008,214.1875,3280.0,104570.0,Humboldt
06023,2009,235.89374999999998,3627.0,105478.0,Humboldt
06023,2010,215.2375,3394.0,106717.0,Humboldt
06023,2011,218.8,3476.0,107013.0,Humboldt
06023,2012,218.3375,3511.0,105607.0,Humboldt
06023,2013,219.41875000000002,3561.0,105726.0,Humboldt
06023,2014,212.44375000000002,3531.0,108619.0,Humboldt
06023,2015,222.09375,2777.0,79121.0,Humboldt
06023,2016,229.04285714285714,3424.0,109915.0,Humboldt
06023,2017,212.78571428571428,3225.0,110396.0,Humboldt
06023,2018,218.85714285714286,3413.0,110416.0,Humboldt
06023,2019,226.78571428571428,3553.0,110113.0,Humboldt
06023,2020,166.42857142857142,2658.0,110448.0,Humboldt
06023,2021,170.04285714285714,2794.0,109377.0,Humboldt
06023,2022,170.7214285714286,2847.0,110011.0,Humboldt
06023,2023,138.80714285714288,3021.0,109146.0,Humboldt
06023,2024,179.33846153846156,3108.0,108302.0,Humboldt
06025,2005,364.89375,5055.0,109478.0,Imperial
06025,2006,294.95,4280.0,112879.0,Imperial
06025,2007,295.35625,4442.0,115944.0,Imperial
06025,2008,283.175,4394.0,118550.0,Imperial
06025,2009,315.31875,5089.0,121552.0,Imperial
06025,2010,341.16875,5654.0,124055.0,Imperial
06025,2011,320.2375,5446.0,125985.0,Imperial
06025,2012,329.7,5709.0,122385.0,Imperial
06025,2013,279.19375,4959.0,122276.0,Imperial
06025,2014,220.63125000000002,4042.0,130127.0,Imperial
06025,2015,214.99375,3037.0,92754.0,Imperial
06025,2016,212.8857142857143,4318.0,127819.0,Imperial
06025,2017,214.80714285714288,4426.0,129153.0,Imperial
06025,2018,206.59285714285716,4348.0,129174.0,Imperial
06025,2019,198.97857142857143,4242.0,128967.0,Imperial
06025,2020,149.80714285714288,3227.0,128388.0,Imperial
06025,2021,143.14285714285714,3122.0,128464.0,Imperial
06025,2022,165.35714285714286,3611.0,128478.0,Imperial
06025,2023,181.62142857142857,3689.0,128709.0,Imperial
06025,2024,174.03076923076924,3788.0,131069.0,Imperial
06027,2005,217.8,619.0,14549.0,Inyo
06027,2006,216.53125,602.0,14456.0,Inyo
06027,2007,202.4875,575.0,14505.0,Inyo
06027,2008,193.75625,537.0,14485.0,Inyo
06027,2009,182.3875,510.0,14651.0,Inyo
06027,2010,170.35,465.0,14670.0,Inyo
06027,2011,142.3125,405.0,14640.0,Inyo
06027,2012,157.1875,456.0,16277.0,Inyo
06027,2013,119.0,345.0,16250.0,Inyo
06027,2014,148.7,429.0,15730.0,Inyo
06027,2015,131.96875,293.0,12814.0,Inyo
06027,2016,125.13571428571429,255.0,14211.0,Inyo
06027,2017,197.20714285714286,393.0,14164.0,Inyo
06027,2018,200.52142857142857,394.0,14208.0,Inyo
06027,2019,241.57142857142858,499.0,14295.0,Inyo
06027,2020,188.30714285714288,409.0,15134.0,Inyo
06027,2021,152.81428571428572,331.0,15080.0,Inyo
06027,2022,119.42142857142858,253.0,14942.0,Inyo
06027,2023,152.1142857142857,398.0,14859.0,Inyo
06027,2024,132.32142857142858,323.0,14869.0,Inyo
06029,2005,397.11875,25391.0,526395.0,Kern
06029,2006,371.825,24428.0,544084.0,Kern
06029,2007,380.5375,25627.0,557795.0,Kern
06029,2008,377.925,25955.0,568635.0,Kern
06029,2009,377.88750000000005,26445.0,578043.0,Kern
06029,2010,375.2125,26958.0,587730.0,Kern
06029,2011,374.525,27465.0,597565.0,Kern
06029,2012,343.0375,25324.0,576340.0,Kern
06029,2013,326.65,24731.0,583929.0,Kern
06029,2014,299.36875000000003,23325.0,622019.0,Kern
06029,2015,310.95625,18336.0,441243.0,Kern
06029,2016,268.6642857142857,23885.0,623722.0,Kern
06029,2017,279.31428571428575,25478.0,629153.0,Kern
06029,2018,247.77142857142854,23314.0,635272.0,Kern
06029,2019,260.10714285714283,25021.0,640390.0,Kern
06029,2020,216.40714285714284,21287.0,644321.0,Kern
06029,2021,198.43571428571428,19984.0,651305.0,Kern
06029,2022,201.52142857142857,20456.0,655754.0,Kern
06029,2023,225.04285714285714,21262.0,654092.0,Kern
06029,2024,230.58571428571432,21706.0,665289.0,Kern
06031,2005,347.30625,3860.0,104744.0,Kings
06031,2006,318.41875,3661.0,106917.0,Kings
06031,2007,325.94375,3829.0,108972.0,Kings
06031,2008,320.01875,3807.0,110111.0,Kings
06031,2009,358.325,4327.0,109913.0,Kings
06031,2010,354.73125,4357.0,110532.0,Kings
06031,2011,375.6625,4673.0,111322.0,Kings
06031,2012,337.8125,4211.0,107485.0,Kings
06031,2013,325.4875,4117.0,107035.0,Kings
06031,2014,275.23125,3637.0,114326.0,Kings
06031,2015,274.3125,2690.0,78983.0,Kings
06031,2016,335.34285714285716,3891.0,108591.0,Kings
06031,2017,316.2,3670.0,108704.0,Kings
06031,2018,268.90714285714284,3265.0,110152.0,Kings
06031,2019,285.7714285714286,3573.0,111551.0,Kings
06031,2020,244.5,3061.0,111628.0,Kings
06031,2021,236.62857142857143,3002.0,111603.0,Kings
06031,2022,255.05,3296.0,112177.0,Kings
06031,2023,196.59285714285716,3031.0,111961.0,Kings
06031,2024,208.54615384615383,2993.0,114209.0,Kings
06033,2005,310.4,2678.0,49529.0,Lake
06033,2006,312.35,2700.0,49985.0,Lake
06033,2007,301.31874999999997,2621.0,50130.0,Lake
06033,2008,294.7375,2600.0,50505.0,Lake
06033,2009,323.9,2845.0,50721.0,Lake
06033,2010,376.475,3356.0,51151.0,Lake
06033,2011,369.61875,3348.0,51085.0,Lake
06033,2012,346.25,3126.0,51501.0,Lake
06033,2013,335.10625,3093.0,51581.0,Lake
06033,2014,290.20625,2718.0,52953.0,Lake
06033,2015,287.14375,2067.0,39003.0,Lake
06033,2016,369.0214285714286,3076.0,50676.0,Lake
06033,2017,282.65714285714284,2308.0,50717.0,Lake
06033,2018,296.89285714285717,2487.0,50861.0,Lake
06033,2019,312.42142857142863,2646.0,50831.0,Lake
06033,2020,200.42857142857142,1853.0,53524.0,Lake
06033,2021,183.87142857142857,1728.0,53734.0,Lake
06033,2022,186.2642857142857,1772.0,53338.0,Lake
06033,2023,195.27142857142854,2122.0,52978.0,Lake
06033,2024,216.6307692307692,2146.0,52937.0,Lake
06035,2005,256.80625,819.0,27722.0,Lassen
06035,2006,299.3375,958.0,27919.0,Lassen
06035,2007,279.0625,928.0,29030.0,Lassen
06035,2008,277.7375,918.0,28658.0,Lassen
06035,2009,289.7125,980.0,28696.0,Lassen
06035,2010,300.84375,1024.0,28485.0,Lassen
06035,2011,257.9125,877.0,28179.0,Lassen
06035,2012,234.9375,808.0,29146.0,Lassen
06035,2013,236.58125,797.0,27797.0,Lassen
06035,2014,235.55625,836.0,29236.0,Lassen
06035,2015,245.6625,640.0,20747.0,Lassen
06035,2016,241.7357142857143,734.0,25378.0,Lassen
06035,2017,245.40714285714284,737.0,25575.0,Lassen
06035,2018,211.15,681.0,25359.0,Lassen
06035,2019,196.58571428571432,632.0,25378.0,Lassen
06035,2020,134.9,439.0,26785.0,Lassen
06035,2021,146.11428571428573,491.0,26258.0,Lassen
06035,2022,170.0,567.0,24446.0,Lassen
06035,2023,115.53571428571429,511.0,23438.0,Lassen
06035,2024,144.63846153846154,505.0,22990.0,Lassen
06037,2005,355.775,329443.0,7202516.0,Los Angeles
06037,2006,335.4875,314153.0,7208716.0,Los Angeles
06037,2007,332.91875,316335.0,7223112.0,Los Angeles
06037,2008,332.05,319884.0,7281072.0,Los Angeles
06037,2009,323.84375,317467.0,7353912.0,Los Angeles
06037,2010,310.85,311116.0,7416633.0,Los Angeles
06037,2011,302.48125,309499.0,7504083.0,Los Angeles
06037,2012,281.5375,292507.0,7317992.0,Los Angeles
06037,2013,261.71875,277662.0,7410685.0,Los Angeles
06037,2014,248.08125,264853.0,7525122.0,Los Angeles
06037,2015,248.03749999999997,206724.0,5622301.0,Los Angeles
06037,2016,308.3,251958.0,7844956.0,Los Angeles
06037,2017,296.99285714285713,247747.0,7870676.0,Los Angeles
06037,2018,277.45,236865.0,7879584.0,Los Angeles
06037,2019,279.09285714285716,241813.0,7871889.0,Los Angeles
06037,2020,212.62857142857143,187755.0,7884705.0,Los Angeles
06037,2021,216.89285714285714,193727.0,7772371.0,Los Angeles
06037,2022,237.52142857142857,212685.0,7737357.0,Los Angeles
06037,2023,222.32142857142858,236881.0,7710575.0,Los Angeles
06037,2024,234.20000000000002,245441.0,7812233.0,Los Angeles
06039,2005,327.44375,4467.0,100047.0,Madera
06039,2006,285.38125,3976.0,102344.0,Madera
06039,2007,263.96875,3754.0,104227.0,Madera
06039,2008,257.67499999999995,3734.0,105909.0,Madera
06039,2009,277.84375,4063.0,106674.0,Madera
06039,2010,278.8,4174.0,108385.0,Madera
06039,2011,263.375,4027.0,109902.0,Madera
06039,2012,237.075,3662.0,106934.0,Madera
06039,2013,249.58125,3920.0,107252.0,Madera
06039,2014,233.56875000000002,3812.0,113845.0,Madera
06039,2015,235.46875,2881.0,81407.0,Madera
06039,2016,235.15,3297.0,111156.0,Madera
06039,2017,249.75,3511.0,112306.0,Madera
06039,2018,243.94285714285712,3535.0,113445.0,Madera
06039,2019,222.85714285714286,3316.0,113829.0,Madera
06039,2020,210.92142857142858,3134.0,113532.0,Madera
06039,2021,212.8857142857143,3256.0,115760.0,Madera
06039,2022,235.62142857142857,3630.0,116890.0,Madera
06039,2023,207.17142857142858,4441.0,118944.0,Madera
06039,2024,212.1076923076923,4217.0,121480.0,Madera
06041,2005,182.56875,6038.0,194828.0,Marin
06041,2006,164.775,5485.0,194956.0,Marin
06041,2007,153.13125,5225.0,196294.0,Marin
06041,2008,155.725,5393.0,197929.0,Marin
06041,2009,146.31875000000002,5168.0,199904.0,Marin
06041,2010,138.4875,4977.0,201547.0,Marin
06041,2011,121.06875000000001,4446.0,203181.0,Marin
06041,2012,115.86250000000001,4311.0,200046.0,Marin
06041,2013,108.35624999999999,4161.0,202161.0,Marin
06041,2014,94.40625,3629.0,201613.0,Marin
06041,2015,103.64375,3094.0,152906.0,Marin
06041,2016,184.57857142857145,3717.0,207330.0,Marin
06041,2017,173.18571428571428,3492.0,207121.0,Marin
06041,2018,165.8642857142857,3403.0,207824.0,Marin
06041,2019,149.67142857142858,3177.0,207790.0,Marin
06041,2020,117.45,2553.0,209991.0,Marin
06041,2021,124.09285714285714,2693.0,209428.0,Marin
06041,2022,146.0,3208.0,207716.0,Marin
06041,2023,118.52142857142857,3393.0,206190.0,Marin
06041,2024,145.13846153846154,3815.0,208562.0,Marin
06043,2005,205.46249999999998,541.0,14466.0,Mariposa
06043,2006,263.3875,696.0,14728.0,Mariposa
06043,2007,243.36874999999998,658.0,14903.0,Mariposa
06043,2008,285.0,775.0,14996.0,Mariposa
06043,2009,203.2375,569.0,14925.0,Mariposa
06043,2010,189.94375,528.0,15017.0,Mariposa
06043,2011,183.88125,527.0,15033.0,Mariposa
06043,2012,171.8875,517.0,16563.0,Mariposa
06043,2013,170.6,513.0,16491.0,Mariposa
06043,2014,175.81875000000002,546.0,16334.0,Mariposa
06043,2015,199.6,462.0,12911.0,Mariposa
06043,2016,213.22142857142856,468.0,14636.0,Mariposa
06043,2017,221.10714285714286,489.0,14614.0,Mariposa
06043,2018,211.97857142857143,472.0,14527.0,Mariposa
06043,2019,290.8285714285714,645.0,14338.0,Mariposa
06043,2020,249.93571428571428,556.0,14229.0,Mariposa
06043,2021,200.54285714285714,464.0,14120.0,Mariposa
06043,2022,185.20714285714286,438.0,14037.0,Mariposa
06043,2023,204.46428571428572,563.0,13883.0,Mariposa
06043,2024,163.60000000000002,467.0,14107.0,Mariposa
06045,2005,221.71875,2420.0,67693.0,Mendocino
06045,2006,229.9375,2541.0,67469.0,Mendocino
06045,2007,216.06875,2434.0,67582.0,Mendocino
06045,2008,199.05625,2283.0,68025.0,Mendocino
06045,2009,220.975,2541.0,68421.0,Mendocino
06045,2010,222.9375,2578.0,68517.0,Mendocino
06045,2011,233.14999999999998,2722.0,68336.0,Mendocino
06045,2012,210.46875,2529.0,68344.0,Mendocino
06045,2013,198.975,2432.0,68379.0,Mendocino
06045,2014,196.8375,2410.0,69334.0,Mendocino
06045,2015,164.95625,1553.0,51516.0,Mendocino
06045,2016,195.45000000000002,2077.0,68410.0,Mendocino
06045,2017,204.25714285714284,2189.0,68784.0,Mendocino
06045,2018,221.3642857142857,2373.0,68876.0,Mendocino
06045,2019,211.03571428571428,2347.0,68548.0,Mendocino
06045,2020,176.60714285714286,2087.0,71994.0,Mendocino
06045,2021,140.05,1702.0,71916.0,Mendocino
06045,2022,157.87857142857143,1922.0,71066.0,Mendocino
06045,2023,146.7357142857143,2150.0,70576.0,Mendocino
06045,2024,164.04615384615383,2212.0,70848.0,Mendocino
06047,2005,339.6,6821.0,162795.0,Merced
06047,2006,336.1625,6834.0,165009.0,Merced
06047,2007,336.74375,7075.0,167724.0,Merced
06047,2008,329.8625,6990.0,169736.0,Merced
06047,2009,327.41875,7101.0,171809.0,Merced
06047,2010,347.70625,7753.0,175232.0,Merced
06047,2011,331.7125,7637.0,178783.0,Merced
06047,2012,282.45625,6587.0,174274.0,Merced
06047,2013,281.29375,6705.0,176084.0,Merced
06047,2014,265.5,6462.0,184892.0,Merced
06047,2015,314.45625,5909.0,133727.0,Merced
06047,2016,386.60714285714283,8744.0,187379.0,Merced
06047,2017,421.0142857142857,9575.0,190075.0,Merced
06047,2018,412.0142857142857,9732.0,193011.0,Merced
06047,2019,374.5285714285714,9053.0,196051.0,Merced
06047,2020,286.0642857142857,7202.0,199655.0,Merced
06047,2021,306.0,7994.0,201787.0,Merced
06047,2022,303.40714285714284,7986.0,207099.0,Merced
06047,2023,233.55,8117.0,209020.0,Merced
06047,2024,235.27142857142857,8151.0,214218.0,Merced
06049,2005,151.5375,200.0,7407.0,Modoc
06049,2006,150.60625,200.0,7461.0,Modoc
06049,2007,175.19375,235.0,7429.0,Modoc
06049,2008,170.15,231.0,7469.0,Modoc
06049,2009,225.79375,317.0,7565.0,Modoc
06049,2010,218.7375,303.0,7599.0,Modoc
06049,2011,198.2,288.0,7517.0,Modoc
06049,2012,236.55,341.0,9249.0,Modoc
06049,2013,218.075,322.0,9141.0,Modoc
06049,2014,156.03125,208.0,8570.0,Modoc
06049,2015,197.63125,217.0,7417.0,Modoc
06049,2016,156.20714285714286,253.0,7172.0,Modoc
06049,2017,151.5,241.0,7115.0,Modoc
06049,2018,138.14285714285714,226.0,7066.0,Modoc
06049,2019,159.37857142857143,245.0,7114.0,Modoc
06049,2020,157.04285714285714,261.0,6998.0,Modoc
06049,2021,101.71428571428571,173.0,7005.0,Modoc
06049,2022,112.32142857142857,187.0,6957.0,Modoc
06049,2023,130.37142857142857,244.0,6906.0,Modoc
06049,2024,201.75714285714284,272.0,6922.0,Modoc
06051,2005,87.3125,90.0,10514.0,Mono
06051,2006,38.5875,42.0,10747.0,Mono
06051,2007,68.48125,79.0,10719.0,Mono
06051,2008,60.43125,69.0,10892.0,Mono
06051,2009,52.20625,65.0,11055.0,Mono
06051,2010,46.58125,61.0,11224.0,Mono
06051,2011,41.80625,59.0,11294.0,Mono
06051,2012,40.5125,59.0,13186.0,Mono
06051,2013,52.150000000000006,85.0,12990.0,Mono
06051,2014,71.325,105.0,12503.0,Mono
06051,2015,49.0375,58.0,10444.0,Mono
06051,2016,92.55714285714285,99.0,11591.0,Mono
06051,2017,88.67142857142858,87.0,11686.0,Mono
06051,2018,79.35000000000001,83.0,11760.0,Mono
06051,2019,119.42857142857143,134.0,11882.0,Mono
06051,2020,121.09285714285714,123.0,10909.0,Mono
06051,2021,96.17857142857143,109.0,10984.0,Mono
06051,2022,95.8,106.0,10782.0,Mono
06051,2023,81.32142857142857,96.0,10809.0,Mono
06051,2024,83.39230769230768,109.0,10725.0,Mono
06053,2005,267.6875,10415.0,294634.0,Monterey
06053,2006,259.05,10119.0,292832.0,Monterey
06053,2007,235.06875,9351.0,293684.0,Monterey
06053,2008,237.56875000000002,9512.0,296155.0,Monterey
06053,2009,227.275,9261.0,299502.0,Monterey
06053,2010,223.15625,9317.0,304351.0,Monterey
06053,2011,225.1875,9547.0,308056.0,Monterey
06053,2012,202.98125,8767.0,301958.0,Monterey
06053,2013,203.89999999999998,8991.0,304287.0,Monterey
06053,2014,173.77499999999998,7695.0,305907.0,Monterey
06053,2015,186.78125,6444.0,229305.0,Monterey
06053,2016,255.10714285714286,8329.0,318887.0,Monterey
06053,2017,276.9785714285714,9139.0,319394.0,Monterey
06053,2018,283.9857142857143,9661.0,319764.0,Monterey
06053,2019,296.29285714285714,10220.0,320591.0,Monterey
06053,2020,225.87857142857143,7992.0,324926.0,Monterey
06053,2021,226.42142857142858,8163.0,325443.0,Monterey
06053,2022,252.05714285714288,9117.0,322881.0,Monterey
06053,2023,245.54999999999998,10368.0,321055.0,Monterey
06053,2024,260.06428571428575,10629.0,326450.0,Monterey
06055,2005,238.725,3976.0,99628.0,Napa
06055,2006,221.275,3743.0,100569.0,Napa
06055,2007,230.31875,3981.0,101701.0,Napa
06055,2008,225.7375,3934.0,102958.0,Napa
06055,2009,231.11875,4057.0,103909.0,Napa
06055,2010,237.18124999999998,4191.0,105302.0,Napa
06055,2011,225.43125,4054.0,106488.0,Napa
06055,2012,200.425,3659.0,106095.0,Napa
06055,2013,186.71249999999998,3489.0,107433.0,Napa
06055,2014,181.38125000000002,3358.0,108610.0,Napa
06055,2015,158.64375,2311.0,82361.0,Napa
06055,2016,258.6714285714286,2905.0,110813.0,Napa
06055,2017,242.52142857142857,2740.0,110539.0,Napa
06055,2018,243.39285714285714,2823.0,110023.0,Napa
06055,2019,228.03571428571428,2663.0,109823.0,Napa
06055,2020,158.32857142857142,1868.0,110025.0,Napa
06055,2021,158.0,1893.0,109635.0,Napa
06055,2022,178.37857142857143,2151.0,108501.0,Napa
06055,2023,183.57857142857145,2486.0,107838.0,Napa
06055,2024,207.3692307692308,2573.0,108121.0,Napa
06057,2005,230.16875,3234.0,77111.0,Nevada
06057,2006,230.9,3309.0,77728.0,Nevada
06057,2007,226.23125,3307.0,78179.0,Nevada
06057,2008,213.1875,3143.0,78803.0,Nevada
06057,2009,192.80625,2848.0,79505.0,Nevada
06057,2010,181.9625,2761.0,80097.0,Nevada
06057,2011,179.68125,2774.0,80389.0,Nevada
06057,2012,171.5375,2699.0,80329.0,Nevada
06057,2013,178.175,2831.0,80699.0,Nevada
06057,2014,164.91875,2657.0,82513.0,Nevada
06057,2015,177.775,2199.0,61125.0,Nevada
06057,2016,217.29999999999998,2278.0,81656.0,Nevada
06057,2017,204.5142857142857,2137.0,82237.0,Nevada
06057,2018,208.16428571428574,2232.0,82386.0,Nevada
06057,2019,228.29999999999998,2472.0,82691.0,Nevada
06057,2020,168.72142857142856,1961.0,84957.0,Nevada
06057,2021,166.84285714285716,1967.0,86140.0,Nevada
06057,2022,173.20714285714286,2045.0,85163.0,Nevada
06057,2023,141.65714285714287,2199.0,84878.0,Nevada
06057,2024,161.2846153846154,2163.0,85129.0,Nevada
06059,2005,252.025,73423.0,2180617.0,Orange
06059,2006,238.25625000000002,70519.0,2185121.0,Orange
06059,2007,245.81875,74183.0,2194736.0,Orange
06059,2008,241.9625,74386.0,2219901.0,Orange
06059,2009,228.63125,71819.0,2249030.0,Orange
06059,2010,220.40625,70843.0,2279215.0,Orange
06059,2011,208.4,68995.0,2319605.0,Orange
06059,2012,194.14375,65447.0,2270432.0,Orange
06059,2013,181.61875,62813.0,2303808.0,Orange
06059,2014,167.45625,58345.0,2330275.0,Orange
06059,2015,168.475,46093.0,1754644.0,Orange
06059,2016,240.65714285714284,56201.0,2451869.0,Orange
06059,2017,236.97857142857143,56273.0,2467473.0,Orange
06059,2018,223.29999999999998,54689.0,2477165.0,Orange
06059,2019,220.96428571428572,55041.0,2481860.0,Orange
06059,2020,167.41428571428574,42529.0,2500521.0,Orange
06059,2021,164.27857142857144,42442.0,2492420.0,Orange
06059,2022,180.9928571428571,47365.0,2496667.0,Orange
06059,2023,199.39285714285714,55038.0,2489875.0,Orange
06059,2024,187.95714285714286,56927.0,2527530.0,Orange
06061,2005,212.25625,7742.0,233967.0,Placer
06061,2006,211.73749999999998,8171.0,241760.0,Placer
06061,2007,202.58125,8105.0,247749.0,Placer
06061,2008,189.09375,7776.0,254728.0,Placer
06061,2009,177.11875,7569.0,260230.0,Placer
06061,2010,165.0125,7271.0,265780.0,Placer
06061,2011,152.825,7020.0,272624.0,Placer
06061,2012,147.625,6929.0,269220.0,Placer
06061,2013,143.81875,6992.0,275142.0,Placer
06061,2014,123.1875,6228.0,291385.0,Placer
06061,2015,135.6875,5280.0,211518.0,Placer
06061,2016,250.72142857142856,6635.0,293620.0,Placer
06061,2017,230.07142857142858,6162.0,299061.0,Placer
06061,2018,213.0142857142857,5953.0,305287.0,Placer
06061,2019,216.55714285714288,6204.0,310947.0,Placer
06061,2020,185.15714285714284,5484.0,316575.0,Placer
06061,2021,191.83571428571426,5820.0,323151.0,Placer
06061,2022,204.17857142857142,6369.0,327593.0,Placer
06061,2023,203.33571428571432,7726.0,332465.0,Placer
06061,2024,208.70000000000002,8226.0,341342.0,Placer
06063,2005,322.50625,956.0,16762.0,Plumas
06063,2006,276.0375,813.0,16591.0,Plumas
06063,2007,302.98125,909.0,16601.0,Plumas
06063,2008,266.175,799.0,16521.0,Plumas
06063,2009,292.13125,893.0,16384.0,Plumas
06063,2010,244.075,755.0,16311.0,Plumas
06063,2011,272.6,860.0,16239.0,Plumas
06063,2012,206.88125,653.0,17560.0,Plumas
06063,2013,194.30625,612.0,17229.0,Plumas
06063,2014,227.35,724.0,16981.0,Plumas
06063,2015,209.0,500.0,13235.0,Plumas
06063,2016,286.15,658.0,15495.0,Plumas
06063,2017,226.39285714285714,521.0,15483.0,Plumas
06063,2018,293.7857142857143,673.0,15597.0,Plumas
06063,2019,227.70714285714286,547.0,15757.0,Plumas
06063,2020,167.06428571428572,413.0,16254.0,Plumas
06063,2021,121.50714285714285,320.0,16481.0,Plumas
06063,2022,132.11428571428573,337.0,16081.0,Plumas
06063,2023,151.17142857142858,471.0,15898.0,Plumas
06063,2024,102.38571428571429,335.0,15717.0,Plumas
06065,2005,321.825,61661.0,1365225.0,Riverside
06065,2006,297.20625,59363.0,1423074.0,Riverside
06065,2007,295.50625,60911.0,1468741.0,Riverside
06065,2008,286.66875,60652.0,1497677.0,Riverside
06065,2009,270.56875,58938.0,1532584.0,Riverside
06065,2010,262.125,59145.0,1579716.0,Riverside
06065,2011,256.48125,59541.0,1618245.0,Riverside
06065,2012,243.275,57630.0,1578971.0,Riverside
06065,2013,243.5125,59524.0,1608253.0,Riverside
06065,2014,229.66875,57941.0,1723126.0,Riverside
06065,2015,234.175,45523.0,1235866.0,Riverside
06065,2016,296.5571428571429,55275.0,1764865.0,Riverside
06065,2017,283.1142857142857,54271.0,1797423.0,Riverside
06065,2018,278.48571428571427,55515.0,1827877.0,Riverside
06065,2019,285.43571428571425,58342.0,1852582.0,Riverside
06065,2020,234.34285714285716,47700.0,1826892.0,Riverside
06065,2021,229.82142857142858,47999.0,1856272.0,Riverside
06065,2022,251.59285714285716,53306.0,1880349.0,Riverside
06065,2023,233.20714285714286,58606.0,1899181.0,Riverside
06065,2024,254.7642857142857,60129.0,1938337.0,Riverside
06067,2005,287.08125,38760.0,1001691.0,Sacramento
06067,2006,284.6,39012.0,1010429.0,Sacramento
06067,2007,284.56875,39701.0,1020852.0,Sacramento
06067,2008,285.7875,40478.0,1032542.0,Sacramento
06067,2009,262.10625,37933.0,1046094.0,Sacramento
06067,2010,251.95,37101.0,1058518.0,Sacramento
06067,2011,231.5625,35135.0,1075584.0,Sacramento
06067,2012,212.36875,32674.0,1052498.0,Sacramento
06067,2013,219.3875,34696.0,1066996.0,Sacramento
06067,2014,223.35,35794.0,1102714.0,Sacramento
06067,2015,228.67499999999998,28544.0,812828.0,Sacramento
06067,2016,258.5285714285714,36128.0,1147725.0,Sacramento
06067,2017,278.0857142857143,39269.0,1163101.0,Sacramento
06067,2018,267.55,38755.0,1175207.0,Sacramento
06067,2019,259.43571428571425,38322.0,1187953.0,Sacramento
06067,2020,211.9,32710.0,1219067.0,Sacramento
06067,2021,223.53571428571428,34940.0,1224233.0,Sacramento
06067,2022,231.85,36542.0,1225015.0,Sacramento
06067,2023,258.75,42439.0,1226535.0,Sacramento
06067,2024,289.54285714285714,44585.0,1250922.0,Sacramento
06069,2005,285.09375,1354.0,38212.0,San Benito
06069,2006,290.41875,1396.0,37946.0,San Benito
06069,2007,273.2,1343.0,37962.0,San Benito
06069,2008,270.71875,1355.0,38262.0,San Benito
06069,2009,267.76875,1373.0,38665.0,San Benito
06069,2010,284.6375,1502.0,39605.0,San Benito
06069,2011,259.25625,1409.0,40265.0,San Benito
06069,2012,243.63125,1377.0,41402.0,San Benito
06069,2013,255.17499999999998,1488.0,42194.0,San Benito
06069,2014,225.1375,1298.0,41257.0,San Benito
06069,2015,213.85625,1006.0,33017.0,San Benito
06069,2016,363.57142857142856,1336.0,43752.0,San Benito
06069,2017,361.00714285714287,1346.0,44628.0,San Benito
06069,2018,352.90714285714284,1366.0,45599.0,San Benito
06069,2019,301.90714285714284,1228.0,46798.0,San Benito
06069,2020,218.75714285714284,917.0,48106.0,San Benito
06069,2021,242.07857142857142,1050.0,49790.0,San Benito
06069,2022,266.65,1185.0,50683.0,San Benito
06069,2023,238.15,1224.0,51135.0,San Benito
06069,2024,283.2,1268.0,52121.0,San Benito
06071,2005,397.55625,63178.0,1347408.0,San Bernardino
06071,2006,348.17499999999995,56816.0,1373516.0,San Bernardino
06071,2007,343.43125,57168.0,1390849.0,San Bernardino
06071,2008,353.6,59994.0,1405191.0,San Bernardino
06071,2009,338.65,58817.0,1420975.0,San Bernardino
06071,2010,324.8375,58216.0,1447189.0,San Bernardino
06071,2011,312.875,57601.0,1474036.0,San Bernardino
06071,2012,303.08125,56600.0,1428592.0,San Bernardino
06071,2013,297.21875,57018.0,1446673.0,San Bernardino
06071,2014,280.6875,54876.0,1521005.0,San Bernardino
06071,2015,277.2875,41946.0,1099744.0,San Bernardino
06071,2016,302.1714285714285,53942.0,1558038.0,San Bernardino
06071,2017,307.6642857142857,56185.0,1577430.0,San Bernardino
06071,2018,294.52857142857147,55474.0,1594421.0,San Bernardino
06071,2019,294.25714285714287,56666.0,1607856.0,San Bernardino
06071,2020,233.47857142857146,45912.0,1616879.0,San Bernardino
06071,2021,235.5142857142857,47096.0,1630166.0,San Bernardino
06071,2022,254.22857142857143,51163.0,1635914.0,San Bernardino
06071,2023,296.2285714285714,59415.0,1641803.0,San Bernardino
06071,2024,292.4642857142857,62099.0,1665133.0,San Bernardino
06073,2005,252.8625,75349.0,2214544.0,San Diego
06073,2006,240.63750000000002,72653.0,2229606.0,San Diego
06073,2007,253.21875,77984.0,2257236.0,San Diego
06073,2008,248.08749999999998,78004.0,2296616.0,San Diego
06073,2009,244.22500000000002,78505.0,2332413.0,San Diego
06073,2010,237.2625,78026.0,2372232.0,San Diego
06073,2011,231.4875,77803.0,2407960.0,San Diego
06073,2012,222.21875,75872.0,2359002.0,San Diego
06073,2013,218.2875,76297.0,2394181.0,San Diego
06073,2014,206.03749999999997,72487.0,2438827.0,San Diego
06073,2015,201.40625,55315.0,1829497.0,San Diego
06073,2016,274.25714285714287,67585.0,2578429.0,San Diego
06073,2017,259.7642857142857,64850.0,2594503.0,San Diego
06073,2018,249.79999999999998,64087.0,2613158.0,San Diego
06073,2019,259.34285714285716,67659.0,2617719.0,San Diego
06073,2020,204.03571428571428,53331.0,2596212.0,San Diego
06073,2021,218.41428571428574,57744.0,2586078.0,San Diego
06073,2022,239.7357142857143,63993.0,2596582.0,San Diego
06073,2023,231.08571428571426,67808.0,2594848.0,San Diego
06073,2024,240.89285714285714,74670.0,2627206.0,San Diego
06075,2005,257.7125,24397.0,655221.0,San Francisco
06075,2006,242.3125,23032.0,661295.0,San Francisco
06075,2007,240.1875,23202.0,670554.0,San Francisco
06075,2008,245.6375,24027.0,682007.0,San Francisco
06075,2009,229.95625,22742.0,691485.0,San Francisco
06075,2010,218.4375,21866.0,694816.0,San Francisco
06075,2011,205.98125,20859.0,701321.0,San Francisco
06075,2012,198.0875,20360.0,704143.0,San Francisco
06075,2013,193.5375,20265.0,712976.0,San Francisco
06075,2014,181.25,18935.0,709035.0,San Francisco
06075,2015,183.21875,14878.0,548383.0,San Francisco
06075,2016,255.54999999999998,18485.0,754286.0,San Francisco
06075,2017,239.92857142857142,17469.0,759469.0,San Francisco
06075,2018,229.70714285714286,17147.0,761819.0,San Francisco
06075,2019,222.17857142857142,16693.0,761456.0,San Francisco
06075,2020,189.57142857142858,14383.0,753211.0,San Francisco
06075,2021,198.21428571428572,14944.0,698408.0,San Francisco
06075,2022,194.15714285714284,14813.0,697737.0,San Francisco
06075,2023,186.68571428571428,17643.0,698599.0,San Francisco
06075,2024,198.42142857142855,17538.0,715769.0,San Francisco
06077,2005,394.03125,23641.0,458859.0,San Joaquin
06077,2006,370.83125,22583.0,463522.0,San Joaquin
06077,2007,343.0125,21346.0,468057.0,San Joaquin
06077,2008,353.33125,22255.0,471774.0,San Joaquin
06077,2009,338.86875,21834.0,478055.0,San Joaquin
06077,2010,326.3875,21610.0,486701.0,San Joaquin
06077,2011,301.2125,20456.0,495680.0,San Joaquin
06077,2012,286.89375,19682.0,482094.0,San Joaquin
06077,2013,275.95,19419.0,486694.0,San Joaquin
06077,2014,263.5625,18958.0,510294.0,San Joaquin
06077,2015,272.41875,15199.0,370942.0,San Joaquin
06077,2016,277.49285714285713,18042.0,531056.0,San Joaquin
06077,2017,269.5785714285714,17875.0,539928.0,San Joaquin
06077,2018,275.45714285714286,18848.0,548488.0,San Joaquin
06077,2019,283.3857142857143,19894.0,557068.0,San Joaquin
06077,2020,227.95000000000002,16720.0,572510.0,San Joaquin
06077,2021,226.6214285714286,17014.0,580225.0,San Joaquin
06077,2022,242.9,18448.0,586031.0,San Joaquin
06077,2023,270.64285714285717,19941.0,593491.0,San Joaquin
06077,2024,253.84285714285713,20642.0,609323.0,San Joaquin
06079,2005,188.3625,6007.0,203693.0,San Luis Obispo
06079,2006,189.775,6194.0,205958.0,San Luis Obispo
06079,2007,197.20625,6545.0,208250.0,San Luis Obispo
06079,2008,190.93125,6487.0,211458.0,San Luis Obispo
06079,2009,183.175,6312.0,213363.0,San Luis Obispo
06079,2010,172.83124999999998,6064.0,215558.0,San Luis Obispo
06079,2011,170.76875,6125.0,216909.0,San Luis Obispo
06079,2012,145.0125,5230.0,212867.0,San Luis Obispo
06079,2013,141.18125,5207.0,214971.0,San Luis Obispo
06079,2014,124.4125,4636.0,220837.0,San Luis Obispo
06079,2015,137.1125,3905.0,162048.0,San Luis Obispo
06079,2016,193.53571428571428,5187.0,231170.0,San Luis Obispo
06079,2017,189.3642857142857,5092.0,232214.0,San Luis Obispo
06079,2018,180.9714285714286,5012.0,233392.0,San Luis Obispo
06079,2019,170.65,4847.0,233238.0,San Luis Obispo
06079,2020,149.60714285714286,4280.0,232664.0,San Luis Obispo
06079,2021,136.15714285714287,3974.0,230595.0,San Luis Obispo
06079,2022,155.93571428571428,4597.0,234072.0,San Luis Obispo
06079,2023,145.55,5274.0,233172.0,San Luis Obispo
06079,2024,157.22307692307692,4942.0,233591.0,San Luis Obispo
06081,2005,207.79375000000002,16779.0,535835.0,San Mateo
06081,2006,191.95625,15620.0,536688.0,San Mateo
06081,2007,195.425,16186.0,540450.0,San Mateo
06081,2008,191.2,16099.0,548332.0,San Mateo
06081,2009,178.3875,15281.0,556343.0,San Mateo
06081,2010,173.8,15155.0,561671.0,San Mateo
06081,2011,156.25,13904.0,567914.0,San Mateo
06081,2012,144.01875,12984.0,563760.0,San Mateo
06081,2013,148.96249999999998,13687.0,572187.0,San Mateo
06081,2014,133.45,12251.0,567038.0,San Mateo
06081,2015,137.49375,9872.0,438734.0,San Mateo
06081,2016,222.68571428571428,10926.0,606370.0,San Mateo
06081,2017,218.15,10809.0,609125.0,San Mateo
06081,2018,204.77857142857144,10378.0,611107.0,San Mateo
06081,2019,207.5,10662.0,610464.0,San Mateo
06081,2020,164.84285714285716,8510.0,610380.0,San Mateo
06081,2021,176.68571428571428,9202.0,594122.0,San Mateo
06081,2022,190.34285714285716,10004.0,588683.0,San Mateo
06081,2023,180.67142857142858,11323.0,587135.0,San Mateo
06081,2024,171.75,11080.0,602707.0,San Mateo
06083,2005,203.725,9224.0,306606.0,Santa Barbara
06083,2006,200.65,9153.0,307420.0,Santa Barbara
06083,2007,189.54375,8810.0,310281.0,Santa Barbara
06083,2008,169.55625,8042.0,314006.0,Santa Barbara
06083,2009,163.43125,7845.0,317734.0,Santa Barbara
06083,2010,158.06875000000002,7697.0,321346.0,Santa Barbara
06083,2011,146.03125,7208.0,323344.0,Santa Barbara
06083,2012,151.23125,7477.0,314909.0,Santa Barbara
06083,2013,150.86875,7669.0,319459.0,Santa Barbara
06083,2014,143.9625,7325.0,324453.0,Santa Barbara
06083,2015,136.0375,5321.0,241070.0,Santa Barbara
06083,2016,188.10714285714286,6496.0,344335.0,Santa Barbara
06083,2017,187.93571428571428,6512.0,345601.0,Santa Barbara
06083,2018,171.59285714285713,6098.0,346132.0,Santa Barbara
06083,2019,181.21428571428572,6544.0,346808.0,Santa Barbara
06083,2020,156.7642857142857,5725.0,349310.0,Santa Barbara
06083,2021,159.97142857142856,5874.0,339478.0,Santa Barbara
06083,2022,158.54999999999998,5922.0,346432.0,Santa Barbara
06083,2023,118.77142857142857,6545.0,343138.0,Santa Barbara
06083,2024,143.42857142857142,6844.0,345929.0,Santa Barbara
06085,2005,233.05,38294.0,1267009.0,Santa Clara
06085,2006,226.2125,38023.0,1280352.0,Santa Clara
06085,2007,215.5125,37132.0,1297418.0,Santa Clara
06085,2008,216.09375,38079.0,1319407.0,Santa Clara
06085,2009,197.725,35780.0,1339490.0,Santa Clara
06085,2010,187.3875,34780.0,1357407.0,Santa Clara
06085,2011,172.85000000000002,32958.0,1377352.0,Santa Clara
06085,2012,160.18125,31172.0,1358776.0,Santa Clara
06085,2013,163.2625,32705.0,1383328.0,Santa Clara
06085,2014,157.34375,31451.0,1385342.0,Santa Clara
06085,2015,165.38125,26095.0,1063381.0,Santa Clara
06085,2016,303.9642857142857,33384.0,1493296.0,Santa Clara
06085,2017,304.0142857142857,33968.0,1501944.0,Santa Clara
06085,2018,266.84999999999997,30508.0,1508214.0,Santa Clara
06085,2019,270.7,31399.0,1507624.0,Santa Clara
06085,2020,216.79285714285714,25609.0,1520713.0,Santa Clara
06085,2021,226.09285714285716,26930.0,1493505.0,Santa Clara
06085,2022,252.6357142857143,30302.0,1490785.0,Santa Clara
06085,2023,232.93571428571428,33666.0,1503217.0,Santa Clara
06085,2024,221.31428571428572,34421.0,1552491.0,Santa Clara
06087,2005,212.975,5541.0,193146.0,Santa Cruz
06087,2006,225.375,5943.0,193902.0,Santa Cruz
06087,2007,234.34375,6326.0,195548.0,Santa Cruz
06087,2008,232.56875,6391.0,198374.0,Santa Cruz
06087,2009,199.19375,5583.0,201450.0,Santa Cruz
06087,2010,195.1375,5605.0,204227.0,Santa Cruz
06087,2011,192.20625,5661.0,205429.0,Santa Cruz
06087,2012,176.95625,5231.0,200670.0,Santa Cruz
06087,2013,169.81875,5142.0,203323.0,Santa Cruz
06087,2014,167.45624999999998,5079.0,204815.0,Santa Cruz
06087,2015,178.25625,4245.0,153534.0,Santa Cruz
06087,2016,212.3857142857143,4881.0,220533.0,Santa Cruz
06087,2017,222.74285714285716,5228.0,221467.0,Santa Cruz
06087,2018,191.31428571428572,4571.0,221191.0,Santa Cruz
06087,2019,191.79285714285714,4684.0,221177.0,Santa Cruz
06087,2020,140.82142857142858,3470.0,219748.0,Santa Cruz
06087,2021,149.28571428571428,3733.0,211376.0,Santa Cruz
06087,2022,151.82857142857142,3863.0,216642.0,Santa Cruz
06087,2023,183.34285714285716,4816.0,214446.0,Santa Cruz
06087,2024,165.4846153846154,4993.0,216210.0,Santa Cruz
06089,2005,333.7625,7387.0,133597.0,Shasta
06089,2006,332.85625,7445.0,134702.0,Shasta
06089,2007,325.68125,7447.0,135409.0,Shasta
06089,2008,327.8125,7536.0,136355.0,Shasta
06089,2009,256.125,6035.0,137066.0,Shasta
06089,2010,295.93125,7058.0,137755.0,Shasta
06089,2011,309.55,7535.0,138865.0,Shasta
06089,2012,289.9625,7217.0,137373.0,Shasta
06089,2013,272.15625,6868.0,138135.0,Shasta
06089,2014,267.73125,6843.0,142262.0,Shasta
06089,2015,251.8375,4918.0,104057.0,Shasta
06089,2016,289.6642857142857,6231.0,139962.0,Shasta
06089,2017,289.39285714285717,6246.0,140641.0,Shasta
06089,2018,247.05714285714288,5443.0,141047.0,Shasta
06089,2019,260.5,5790.0,140906.0,Shasta
06089,2020,226.53571428571428,5130.0,142704.0,Shasta
06089,2021,206.99285714285716,4686.0,142767.0,Shasta
06089,2022,223.32857142857142,5080.0,142098.0,Shasta
06089,2023,272.3071428571428,6262.0,141552.0,Shasta
06089,2024,278.3357142857143,6285.0,142665.0,Shasta
06091,2005,175.45625,82.0,2724.0,Sierra
06091,2006,252.9375,92.0,2774.0,Sierra
06091,2007,210.14999999999998,90.0,2756.0,Sierra
06091,2008,168.59375,81.0,2742.0,Sierra
06091,2009,252.64,110.0,2687.0,Sierra
06091,2010,221.675,109.0,2692.0,Sierra
06091,2011,274.63125,127.0,2613.0,Sierra
06091,2012,170.8375,91.0,4609.0,Sierra
06091,2013,130.76250000000002,71.0,4566.0,Sierra
06091,2014,119.45625000000001,66.0,3692.0,Sierra
06091,2015,92.89333333333335,36.0,4137.0,Sierra
06091,2016,245.46428571428572,88.0,2485.0,Sierra
06091,2017,177.27857142857144,64.0,2518.0,Sierra
06091,2018,155.3642857142857,48.0,2471.0,Sierra
06091,2019,195.74285714285716,73.0,2459.0,Sierra
06091,2020,159.40714285714287,56.0,2680.0,Sierra
06091,2021,44.40714285714286,5.0,2736.0,Sierra
06091,2022,121.40714285714286,49.0,2684.0,Sierra
06091,2023,87.61428571428571,36.0,2670.0,Sierra
06091,2024,22.39090909090909,9.0,2642.0,Sierra
06093,2005,263.1125,1733.0,35143.0,Siskiyou
06093,2006,225.49375,1493.0,35080.0,Siskiyou
06093,2007,238.25,1594.0,35195.0,Siskiyou
06093,2008,244.58125,1639.0,35541.0,Siskiyou
06093,2009,253.65,1700.0,35511.0,Siskiyou
06093,2010,218.70625,1481.0,35719.0,Siskiyou
06093,2011,214.17499999999998,1458.0,35459.0,Siskiyou
06093,2012,188.23125,1295.0,36324.0,Siskiyou
06093,2013,235.61875,1604.0,36015.0,Siskiyou
06093,2014,196.43125,1371.0,36411.0,Siskiyou
06093,2015,197.3375,1016.0,27121.0,Siskiyou
06093,2016,229.10714285714286,1313.0,34523.0,Siskiyou
06093,2017,247.5142857142857,1395.0,34738.0,Siskiyou
06093,2018,215.94285714285712,1254.0,34764.0,Siskiyou
06093,2019,202.25714285714284,1215.0,34876.0,Siskiyou
06093,2020,153.27142857142854,925.0,35063.0,Siskiyou
06093,2021,140.88571428571427,874.0,35175.0,Siskiyou
06093,2022,145.5285714285714,916.0,34974.0,Siskiyou
06093,2023,136.02142857142857,1029.0,34437.0,Siskiyou
06093,2024,167.6307692307692,1116.0,34284.0,Siskiyou
06095,2005,311.8375,12323.0,301678.0,Solano
06095,2006,314.9875,12674.0,303214.0,Solano
06095,2007,308.0125,12653.0,304287.0,Solano
06095,2008,286.24375,11960.0,306167.0,Solano
06095,2009,278.7375,11887.0,308635.0,Solano
06095,2010,296.4875,12996.0,313165.0,Solano
06095,2011,251.525,11234.0,316734.0,Solano
06095,2012,226.10625,10373.0,312400.0,Solano
06095,2013,213.54375,10075.0,317212.0,Solano
06095,2014,209.0625,9907.0,320144.0,Solano
06095,2015,196.475,7312.0,242676.0,Solano
06095,2016,306.63571428571424,9986.0,339769.0,Solano
06095,2017,287.63571428571424,9556.0,344415.0,Solano
06095,2018,275.65,9476.0,347091.0,Solano
06095,2019,270.17857142857144,9568.0,348999.0,Solano
06095,2020,223.72142857142856,8163.0,353295.0,Solano
06095,2021,230.17857142857142,8450.0,352161.0,Solano
06095,2022,224.97857142857143,8421.0,351591.0,Solano
06095,2023,247.67857142857142,9734.0,351690.0,Solano
06095,2024,221.91428571428574,9534.0,357585.0,Solano
06097,2005,201.94375000000002,11161.0,358116.0,Sonoma
06097,2006,201.0875,11246.0,358614.0,Sonoma
06097,2007,195.6875,11137.0,361223.0,Sonoma
06097,2008,185.1,10722.0,366471.0,Sonoma
06097,2009,175.28750000000002,10374.0,372373.0,Sonoma
06097,2010,173.23125,10435.0,377723.0,Sonoma
06097,2011,160.5625,9929.0,381767.0,Sonoma
06097,2012,145.46875,9156.0,375444.0,Sonoma
06097,2013,138.1,8878.0,380676.0,Sonoma
06097,2014,131.13125,8364.0,383621.0,Sonoma
06097,2015,141.16875000000002,7064.0,289219.0,Sonoma
06097,2016,213.95714285714283,8410.0,401275.0,Sonoma
06097,2017,208.72142857142856,8302.0,402493.0,Sonoma
06097,2018,209.1142857142857,8486.0,399482.0,Sonoma
06097,2019,220.74285714285716,9048.0,396825.0,Sonoma
06097,2020,177.82857142857142,7277.0,393987.0,Sonoma
06097,2021,179.80714285714288,7512.0,392214.0,Sonoma
06097,2022,209.48571428571427,8854.0,392503.0,Sonoma
06097,2023,211.03571428571428,10220.0,391558.0,Sonoma
06097,2024,191.37857142857143,10107.0,395970.0,Sonoma
06099,2005,371.325,17299.0,351584.0,Stanislaus
06099,2006,375.2375,17718.0,355891.0,Stanislaus
06099,2007,347.375,16712.0,358840.0,Stanislaus
06099,2008,381.49375,18409.0,360777.0,Stanislaus
06099,2009,396.0375,19384.0,363949.0,Stanislaus
06099,2010,358.50625,17957.0,368478.0,Stanislaus
06099,2011,345.40625,17692.0,372845.0,Stanislaus
06099,2012,327.8625,17018.0,362639.0,Stanislaus
06099,2013,329.29375000000005,17536.0,367108.0,Stanislaus
06099,2014,305.35625,16503.0,381811.0,Stanislaus
06099,2015,324.5375,13541.0,278069.0,Stanislaus
06099,2016,389.87142857142857,15924.0,391725.0,Stanislaus
06099,2017,378.9857142857143,15710.0,396063.0,Stanislaus
06099,2018,368.0214285714286,15745.0,399095.0,Stanislaus
06099,2019,377.54285714285714,16442.0,401158.0,Stanislaus
06099,2020,306.85,13757.0,404571.0,Stanislaus
06099,2021,302.62142857142857,13805.0,405579.0,Stanislaus
06099,2022,311.0214285714286,14108.0,405382.0,Stanislaus
06099,2023,310.5357142857143,16767.0,405599.0,Stanislaus
06099,2024,274.5857142857143,16426.0,412240.0,Stanislaus
06101,2005,334.40625,3035.0,64008.0,Sutter
06101,2006,306.10625,2866.0,65772.0,Sutter
06101,2007,280.9375,2689.0,67100.0,Sutter
06101,2008,343.7375,3353.0,67885.0,Sutter
06101,2009,374.18125,3746.0,68389.0,Sutter
06101,2010,334.04375,3404.0,68807.0,Sutter
06101,2011,312.075,3264.0,69305.0,Sutter
06101,2012,311.98749999999995,3285.0,68806.0,Sutter
06101,2013,273.95625,2968.0,69609.0,Sutter
06101,2014,292.175,3214.0,72717.0,Sutter
06101,2015,294.18125000000003,2516.0,52739.0,Sutter
06101,2016,374.5285714285714,3006.0,70467.0,Sutter
06101,2017,372.32142857142856,2981.0,71036.0,Sutter
06101,2018,356.2357142857143,2950.0,71394.0,Sutter
06101,2019,339.85,2855.0,71989.0,Sutter
06101,2020,318.92857142857144,2725.0,74112.0,Sutter
06101,2021,345.2357142857143,2966.0,74020.0,Sutter
06101,2022,345.3285714285715,2991.0,73900.0,Sutter
06101,2023,261.9642857142857,3199.0,73657.0,Sutter
06101,2024,322.5230769230769,3209.0,74387.0,Sutter
06103,2005,302.1125,2238.0,44895.0,Tehama
06103,2006,265.26875,1991.0,45563.0,Tehama
06103,2007,317.0625,2402.0,46078.0,Tehama
06103,2008,287.54375,2191.0,46523.0,Tehama
06103,2009,280.24375,2141.0,46816.0,Tehama
06103,2010,246.30625,1907.0,47599.0,Tehama
06103,2011,249.55,1979.0,47875.0,Tehama
06103,2012,252.86874999999998,2048.0,48301.0,Tehama
06103,2013,244.175,2012.0,48413.0,Tehama
06103,2014,231.7,1933.0,49807.0,Tehama
06103,2015,235.7125,1506.0,36662.0,Tehama
06103,2016,283.47857142857146,1722.0,48263.0,Tehama
06103,2017,278.6357142857143,1740.0,48526.0,Tehama
06103,2018,329.36428571428576,2073.0,48597.0,Tehama
06103,2019,357.4642857142857,2321.0,49689.0,Tehama
06103,2020,246.92142857142855,1678.0,50073.0,Tehama
06103,2021,253.8785714285714,1744.0,49901.0,Tehama
06103,2022,225.27857142857144,1561.0,49780.0,Tehama
06103,2023,201.0,1820.0,49286.0,Tehama
06103,2024,235.8846153846154,1937.0,49038.0,Tehama
06105,2005,327.14375,593.0,10730.0,Trinity
06105,2006,290.41875,550.0,10964.0,Trinity
06105,2007,304.23125,587.0,11018.0,Trinity
06105,2008,270.50625,538.0,11094.0,Trinity
06105,2009,312.14375,644.0,11212.0,Trinity
06105,2010,327.725,686.0,11321.0,Trinity
06105,2011,263.64374999999995,562.0,11284.0,Trinity
06105,2012,207.55,452.0,13009.0,Trinity
06105,2013,296.1625,666.0,12954.0,Trinity
06105,2014,281.7875,637.0,12540.0,Trinity
06105,2015,272.95625,481.0,10219.0,Trinity
06105,2016,211.0142857142857,509.0,10653.0,Trinity
06105,2017,201.92142857142858,485.0,10553.0,Trinity
06105,2018,171.23571428571427,410.0,10433.0,Trinity
06105,2019,100.58571428571429,242.0,10223.0,Trinity
06105,2020,51.364285714285714,159.0,13250.0,Trinity
06105,2021,70.83571428571427,207.0,13230.0,Trinity
06105,2022,86.97142857142856,276.0,13039.0,Trinity
06105,2023,89.82857142857144,306.0,12928.0,Trinity
06105,2024,83.72142857142856,259.0,12958.0,Trinity
06107,2005,393.2,13833.0,274190.0,Tulare
06107,2006,368.86875,13216.0,279155.0,Tulare
06107,2007,376.15625,13747.0,284348.0,Tulare
06107,2008,369.26875,13750.0,289358.0,Tulare
06107,2009,381.275,14434.0,294800.0,Tulare
06107,2010,385.8375,14981.0,299782.0,Tulare
06107,2011,378.2,15031.0,304563.0,Tulare
06107,2012,343.18125,13715.0,294333.0,Tulare
06107,2013,321.9125,13108.0,297733.0,Tulare
06107,2014,300.3125,12544.0,312899.0,Tulare
06107,2015,320.71250000000003,10154.0,224331.0,Tulare
06107,2016,330.0142857142857,12751.0,315330.0,Tulare
06107,2017,337.92142857142863,13155.0,318475.0,Tulare
06107,2018,289.18571428571425,11632.0,321447.0,Tulare
06107,2019,283.55,11646.0,323743.0,Tulare
06107,2020,230.97142857142856,9790.0,330496.0,Tulare
06107,2021,241.44285714285715,10348.0,334290.0,Tulare
06107,2022,257.3285714285714,11112.0,336253.0,Tulare
06107,2023,197.57857142857142,11329.0,338551.0,Tulare
06107,2024,246.9857142857143,12110.0,343465.0,Tulare
06109,2005,235.9375,1954.0,46037.0,Tuolumne
06109,2006,226.75,1923.0,46178.0,Tuolumne
06109,2007,218.3375,1859.0,46095.0,Tuolumne
06109,2008,198.48125,1713.0,46161.0,Tuolumne
06109,2009,178.85,1536.0,45938.0,Tuolumne
06109,2010,179.425,1577.0,45625.0,Tuolumne
06109,2011,184.525,1632.0,45626.0,Tuolumne
06109,2012,188.175,1642.0,45848.0,Tuolumne
06109,2013,201.3375,1764.0,45813.0,Tuolumne
06109,2014,204.5125,1818.0,46483.0,Tuolumne
06109,2015,210.46875,1375.0,34447.0,Tuolumne
06109,2016,232.27142857142857,1654.0,44851.0,Tuolumne
06109,2017,202.68571428571428,1460.0,45006.0,Tuolumne
06109,2018,167.6357142857143,1248.0,45164.0,Tuolumne
06109,2019,192.67857142857142,1462.0,45172.0,Tuolumne
06109,2020,167.57857142857142,1295.0,45879.0,Tuolumne
06109,2021,178.6357142857143,1380.0,45585.0,Tuolumne
06109,2022,187.75,1468.0,45145.0,Tuolumne
06109,2023,158.79999999999998,1270.0,44852.0,Tuolumne
06109,2024,213.66153846153844,1661.0,44661.0,Tuolumne
06111,2005,228.4375,18195.0,579683.0,Ventura
06111,2006,210.65,17180.0,584984.0,Ventura
06111,2007,208.01875,17279.0,588179.0,Ventura
06111,2008,211.475,17946.0,594902.0,Ventura
06111,2009,213.71875,18501.0,603759.0,Ventura
06111,2010,211.46875,18845.0,613523.0,Ventura
06111,2011,200.79375,18292.0,621646.0,Ventura
06111,2012,187.96875,17428.0,604609.0,Ventura
06111,2013,184.225,17474.0,611966.0,Ventura
06111,2014,175.35625,16756.0,627517.0,Ventura
06111,2015,187.56875,13975.0,462309.0,Ventura
06111,2016,266.9428571428571,16971.0,647104.0,Ventura
06111,2017,277.37857142857143,17981.0,650997.0,Ventura
06111,2018,256.42857142857144,17087.0,653163.0,Ventura
06111,2019,270.95,18266.0,653665.0,Ventura
06111,2020,210.99285714285716,14453.0,654923.0,Ventura
06111,2021,212.55714285714288,14805.0,655109.0,Ventura
06111,2022,232.2357142857143,16333.0,652677.0,Ventura
06111,2023,238.15,17589.0,651461.0,Ventura
06111,2024,225.24285714285716,18395.0,659010.0,Ventura
06113,2005,224.11874999999998,3724.0,138697.0,Yolo
06113,2006,226.44375000000002,3833.0,141734.0,Yolo
06113,2007,206.9125,3640.0,145666.0,Yolo
06113,2008,189.8875,3444.0,148222.0,Yolo
06113,2009,178.8875,3325.0,150584.0,Yolo
06113,2010,169.21875,3224.0,152061.0,Yolo
06113,2011,166.5375,3250.0,153893.0,Yolo
06113,2012,148.94375,2934.0,150107.0,Yolo
06113,2013,146.55,2957.0,151676.0,Yolo
06113,2014,131.8375,2705.0,158797.0,Yolo
06113,2015,154.16250000000002,2453.0,115361.0,Yolo
06113,2016,160.33571428571426,2990.0,169317.0,Yolo
06113,2017,175.15714285714284,3283.0,172088.0,Yolo
06113,2018,156.70000000000002,3048.0,173764.0,Yolo
06113,2019,159.54999999999998,3175.0,174265.0,Yolo
06113,2020,136.57857142857145,2737.0,171746.0,Yolo
06113,2021,143.07857142857142,2886.0,169217.0,Yolo
06113,2022,146.95714285714286,3032.0,178722.0,Yolo
06113,2023,153.60714285714286,3644.0,177405.0,Yolo
06113,2024,157.5,3885.0,181959.0,Yolo
06115,2005,483.38124999999997,2882.0,46675.0,Yuba
06115,2006,470.475,2879.0,48823.0,Yuba
06115,2007,418.9,2627.0,49805.0,Yuba
06115,2008,462.83125,2954.0,50676.0,Yuba
06115,2009,448.92499999999995,2893.0,50775.0,Yuba
06115,2010,463.55625,3051.0,51396.0,Yuba
06115,2011,460.94375,3114.0,51791.0,Yuba
06115,2012,435.61875,2986.0,52301.0,Yuba
06115,2013,412.125,2893.0,52770.0,Yuba
06115,2014,357.76875,2558.0,54942.0,Yuba
06115,2015,413.8375,2293.0,40517.0,Yuba
06115,2016,404.42857142857144,2773.0,54335.0,Yuba
06115,2017,405.47142857142853,2837.0,55421.0,Yuba
06115,2018,399.5571428571429,2865.0,55951.0,Yuba
06115,2019,380.8642857142857,2800.0,56969.0,Yuba
06115,2020,317.45714285714286,2424.0,59766.0,Yuba
06115,2021,356.9928571428572,2807.0,60767.0,Yuba
06115,2022,343.12857142857143,2765.0,61597.0,Yuba
06115,2023,321.5,2855.0,62561.0,Yuba
06115,2024,365.9230769230769,3006.0,63794.0,Yuba
